effort_id,strip_width_m,speed_knots,n_items,year,month,station_id,lat_station,lon_station,region,duration_h,area_km2,density_items_km2
0004-MS00200_TR06_127_LIT,5.0,6.0,2,2021.0,6.0,0004-MS00200_TR06,39.12184,9.22315355,Sardegna,0.0,0.0,inf
0004-MS00200_TR06_128_LIT,5.0,6.0,1,2021.0,6.0,0004-MS00200_TR06,39.12184,9.22315355,Sardegna,0.0,0.0,inf
0004-MS00200_TR06_129_LIT,5.0,6.0,1,2021.0,6.0,0004-MS00200_TR06,39.12184,9.22315355,Sardegna,0.0,0.0,inf
0004-MS00200_TR06_151_TR,5.0,6.0,2,2021.0,9.0,0004-MS00200_TR06,39.12184,9.22315355,Sardegna,0.0,0.0,inf
0004-MS00200_TR06_152_TR,5.0,6.0,1,2021.0,9.0,0004-MS00200_TR06,39.12184,9.22315355,Sardegna,0.0,0.0,inf
0004-MS00200_TR06_153_TR,5.0,6.0,1,2021.0,9.0,0004-MS00200_TR06,39.12184,9.22315355,Sardegna,0.0,0.0,inf
0004-MS00200_TR06_154_TR,5.0,6.0,2,2021.0,9.0,0004-MS00200_TR06,39.12184,9.22315355,Sardegna,0.016666666666666666,0.000926,2159.8272138228945
0004-MS00200_TR06_185_TR,5.0,6.0,1,2021.0,11.0,0004-MS00200_TR06,39.12184,9.22315355,Sardegna,0.0,0.0,inf
0004-MS00200_TR06_186_TR,5.0,6.0,1,2021.0,11.0,0004-MS00200_TR06,39.12184,9.22315355,Sardegna,0.0,0.0,inf
0004-MS00200_TR06_187_TR,5.0,6.0,1,2021.0,11.0,0004-MS00200_TR06,39.12184,9.22315355,Sardegna,0.0,0.0,inf
0004-MS00200_TR06_188_TR,5.0,6.0,1,2021.0,11.0,0004-MS00200_TR06,39.12184,9.22315355,Sardegna,0.0,0.0,inf
0004-MS00200_TR06_189_TR,5.0,6.0,1,2021.0,11.0,0004-MS00200_TR06,39.12184,9.22315355,Sardegna,0.0,0.0,inf
0004-MS00200_TR06_190_TR,5.0,6.0,1,2021.0,11.0,0004-MS00200_TR06,39.12184,9.22315355,Sardegna,0.0,0.0,inf
0004-MS00200_TR06_205_LIT,5.0,6.0,1,2022.0,1.0,0004-MS00200_TR06,39.12184,9.22315355,Sardegna,0.0,0.0,inf
0004-MS00200_TR06_207_LIT,5.0,6.0,1,2022.0,1.0,0004-MS00200_TR06,39.12184,9.22315355,Sardegna,0.0,0.0,inf
0004-MS00200_TR06_208_LIT,5.0,6.0,1,2022.0,1.0,0004-MS00200_TR06,39.12184,9.22315355,Sardegna,0.0,0.0,inf
0004-MS00200_TR06_209_LIT,5.0,6.0,2,2022.0,1.0,0004-MS00200_TR06,39.12184,9.22315355,Sardegna,0.0,0.0,inf
0004-MS00200_TR06_210_LIT,5.0,6.0,1,2022.0,1.0,0004-MS00200_TR06,39.12184,9.22315355,Sardegna,0.0,0.0,inf
0004-MS00200_TR06_236_LIT,5.0,6.0,1,2022.0,5.0,0004-MS00200_TR06,39.12184,9.22315355,Sardegna,0.0,0.0,inf
0004-MS00200_TR06_237_LIT,5.0,6.0,1,2022.0,5.0,0004-MS00200_TR06,39.12184,9.22315355,Sardegna,0.0,0.0,inf
0004-MS00200_TR06_245_LIT,5.0,6.0,1,2022.0,5.0,0004-MS00200_TR06,39.12184,9.22315355,Sardegna,0.0,0.0,inf
0004-MS00200_TR06_246_LIT,5.0,6.0,1,2022.0,5.0,0004-MS00200_TR06,39.12184,9.22315355,Sardegna,0.0,0.0,inf
0004-MS00200_TR06_247_LIT,5.0,6.0,1,2022.0,5.0,0004-MS00200_TR06,39.12184,9.22315355,Sardegna,0.0,0.0,inf
0004-MS00200_TR06_248_LIT,5.0,6.0,1,2022.0,5.0,0004-MS00200_TR06,39.12184,9.22315355,Sardegna,0.0,0.0,inf
0004-MS00200_TR06_249_LIT,5.0,6.0,1,2022.0,5.0,0004-MS00200_TR06,39.12184,9.22315355,Sardegna,0.0,0.0,inf
0004-MS00200_TR06_250_LIT,5.0,6.0,1,2022.0,5.0,0004-MS00200_TR06,39.12184,9.22315355,Sardegna,0.0,0.0,inf
0004-MS00200_TR06_251_LIT,5.0,6.0,1,2022.0,5.0,0004-MS00200_TR06,39.12184,9.22315355,Sardegna,0.0,0.0,inf
0004-MS00200_TR06_252_LIT,5.0,6.0,1,2022.0,5.0,0004-MS00200_TR06,39.12184,9.22315355,Sardegna,0.0,0.0,inf
0004-MS00200_TR06_253_LIT,5.0,6.0,1,2022.0,5.0,0004-MS00200_TR06,39.12184,9.22315355,Sardegna,0.0,0.0,inf
0004-MS00200_TR06_254_LIT,5.0,6.0,1,2022.0,5.0,0004-MS00200_TR06,39.12184,9.22315355,Sardegna,0.0,0.0,inf
0004-MS00200_TR06_255_LIT,5.0,6.0,1,2022.0,5.0,0004-MS00200_TR06,39.12184,9.22315355,Sardegna,0.0,0.0,inf
0004-MS00200_TR06_256_LIT,5.0,6.0,1,2022.0,5.0,0004-MS00200_TR06,39.12184,9.22315355,Sardegna,0.0,0.0,inf
0004-MS00200_TR06_257_LIT,5.0,6.0,1,2022.0,5.0,0004-MS00200_TR06,39.12184,9.22315355,Sardegna,0.0,0.0,inf
0004-MS00200_TR06_258_LIT,5.0,6.0,1,2022.0,5.0,0004-MS00200_TR06,39.12184,9.22315355,Sardegna,0.0,0.0,inf
0004-MS00200_TR06_259_LIT,5.0,6.0,1,2022.0,5.0,0004-MS00200_TR06,39.12184,9.22315355,Sardegna,0.0,0.0,inf
0004-MS00200_TR06_260_LIT,5.0,6.0,1,2022.0,5.0,0004-MS00200_TR06,39.12184,9.22315355,Sardegna,0.0,0.0,inf
0004-MS00200_TR06_261_LIT,5.0,6.0,1,2022.0,5.0,0004-MS00200_TR06,39.12184,9.22315355,Sardegna,0.0,0.0,inf
0004-MS00200_TR06_262_LIT,5.0,6.0,1,2022.0,5.0,0004-MS00200_TR06,39.12184,9.22315355,Sardegna,0.0,0.0,inf
0004-MS00200_TR06_263_LIT,5.0,6.0,1,2022.0,5.0,0004-MS00200_TR06,39.12184,9.22315355,Sardegna,0.0,0.0,inf
0004-MS00200_TR06_264_LIT,5.0,6.0,1,2022.0,5.0,0004-MS00200_TR06,39.12184,9.22315355,Sardegna,0.0,0.0,inf
0004-MS00200_TR06_265_LIT,5.0,6.0,1,2022.0,5.0,0004-MS00200_TR06,39.12184,9.22315355,Sardegna,0.0,0.0,inf
0004-MS00200_TR06_266_LIT,5.0,6.0,1,2022.0,5.0,0004-MS00200_TR06,39.12184,9.22315355,Sardegna,0.0,0.0,inf
0004-MS00200_TR06_295_Lit,5.0,6.0,1,2022.0,7.0,0004-MS00200_TR06,39.12184,9.22315355,Sardegna,0.0,0.0,inf
0004-MS00200_TR06_297_Lit,5.0,6.0,1,2022.0,7.0,0004-MS00200_TR06,39.12184,9.22315355,Sardegna,0.0,0.0,inf
0004-MS00200_TR06_298_Lit,5.0,6.0,1,2022.0,7.0,0004-MS00200_TR06,39.12184,9.22315355,Sardegna,0.0,0.0,inf
0004-MS00200_TR06_340_LIT,5.0,7.0,1,2022.0,11.0,0004-MS00200_TR06,39.12184,9.22315355,Sardegna,0.0,0.0,inf
0004-MS00200_TR06_341_LIT,5.0,7.0,1,2022.0,11.0,0004-MS00200_TR06,39.12184,9.22315355,Sardegna,0.0,0.0,inf
0004-MS00200_TR06_342_LIT,5.0,7.0,1,2022.0,11.0,0004-MS00200_TR06,39.12184,9.22315355,Sardegna,0.0,0.0,inf
0004-MS00200_TR06_347_LIT,5.0,6.0,1,2023.0,3.0,0004-MS00200_TR06,39.12184,9.22315355,Sardegna,0.0,0.0,inf
0004-MS00200_TR06_348_LIT,5.0,6.0,1,2023.0,3.0,0004-MS00200_TR06,39.12184,9.22315355,Sardegna,0.0,0.0,inf
0004-MS00200_TR06_380_LIT,50.0,6.5,1,2023.0,5.0,0004-MS00200_TR06,39.12184,9.22315355,Sardegna,0.0,0.0,inf
0004-MS00200_TR06_381_LIT,50.0,6.5,1,2023.0,5.0,0004-MS00200_TR06,39.12184,9.22315355,Sardegna,0.0,0.0,inf
0004-MS00200_TR06_382_LIT,50.0,6.5,1,2023.0,5.0,0004-MS00200_TR06,39.12184,9.22315355,Sardegna,0.0,0.0,inf
0004-MS00200_TR06_383_LIT,50.0,6.5,1,2023.0,5.0,0004-MS00200_TR06,39.12184,9.22315355,Sardegna,0.0,0.0,inf
0004-MS00200_TR06_384_LIT,50.0,6.5,2,2023.0,5.0,0004-MS00200_TR06,39.12184,9.22315355,Sardegna,0.0,0.0,inf
0004-MS00200_TR06_386_LIT,5.0,6.9,1,2023.0,7.0,0004-MS00200_TR06,39.12184,9.22315355,Sardegna,0.0,0.0,inf
0004-MS00200_TR06_387_LIT,5.0,6.9,1,2023.0,7.0,0004-MS00200_TR06,39.12184,9.22315355,Sardegna,0.0,0.0,inf
0004-MS00200_TR06_389_LIT,5.0,6.9,1,2023.0,7.0,0004-MS00200_TR06,39.12184,9.22315355,Sardegna,0.0,0.0,inf
0004-MS00200_TR06_412_BEG,,,1,2023.0,9.0,0004-MS00200_TR06,39.12184,9.22315355,Sardegna,0.0,,
0004-MS00200_TR06_412_LIT,5.0,6.0,1,2023.0,9.0,0004-MS00200_TR06,39.12184,9.22315355,Sardegna,0.0,0.0,inf
0004-MS00200_TR06_414_LIT,5.0,6.0,1,2023.0,9.0,0004-MS00200_TR06,39.12184,9.22315355,Sardegna,0.0,0.0,inf
0004-MS00200_TR06_415_LIT,5.0,6.0,1,2023.0,9.0,0004-MS00200_TR06,39.12184,9.22315355,Sardegna,0.0,0.0,inf
0004-MS00200_TR06_416_LIT,5.0,6.0,1,2023.0,9.0,0004-MS00200_TR06,39.12184,9.22315355,Sardegna,0.0,0.0,inf
0004-MS00200_TR06_418_END,,,1,2023.0,9.0,0004-MS00200_TR06,39.12184,9.22315355,Sardegna,0.0,,
0004-MS00200_TR06_64_LIT,5.0,6.0,1,2021.0,1.0,0004-MS00200_TR06,39.12184,9.22315355,Sardegna,0.0,0.0,inf
0004-MS00200_TR06_65_LIT,5.0,6.0,1,2021.0,1.0,0004-MS00200_TR06,39.12184,9.22315355,Sardegna,0.0,0.0,inf
0004-MS00200_TR06_B63_LIT,5.0,6.0,1,2021.0,1.0,0004-MS00200_TR06,39.12184,9.22315355,Sardegna,0.0,0.0,inf
0004-MS00200_TR06_BEG,,,1,2023.0,7.0,0004-MS00200_TR06,39.12184,9.22315355,Sardegna,0.0,,
0004-MS00200_TR06_END,,,1,2023.0,7.0,0004-MS00200_TR06,39.12184,9.22315355,Sardegna,0.0,,
0004-MS00200_TR12_121_LIT,5.0,6.0,1,2021.0,6.0,0004-MS00200_TR12,39.023896,9.248386794,Sardegna,0.0,0.0,inf
0004-MS00200_TR12_122_LIT,5.0,6.0,1,2021.0,6.0,0004-MS00200_TR12,39.023896,9.248386794,Sardegna,0.0,0.0,inf
0004-MS00200_TR12_123_LIT,5.0,6.0,1,2021.0,6.0,0004-MS00200_TR12,39.023896,9.248386794,Sardegna,0.0,0.0,inf
0004-MS00200_TR12_124_LIT,5.0,6.0,1,2021.0,6.0,0004-MS00200_TR12,39.023896,9.248386794,Sardegna,0.0,0.0,inf
0004-MS00200_TR12_125_LIT,5.0,6.0,1,2021.0,6.0,0004-MS00200_TR12,39.023896,9.248386794,Sardegna,0.0,0.0,inf
0004-MS00200_TR12_126_LIT,5.0,6.0,2,2021.0,6.0,0004-MS00200_TR12,39.023896,9.248386794,Sardegna,0.0,0.0,inf
0004-MS00200_TR12_144_LIT,5.0,6.0,1,2021.0,9.0,0004-MS00200_TR12,39.023896,9.248386794,Sardegna,0.0,0.0,inf
0004-MS00200_TR12_145_LIT,5.0,6.0,1,2021.0,9.0,0004-MS00200_TR12,39.023896,9.248386794,Sardegna,0.0,0.0,inf
0004-MS00200_TR12_146_LIT,5.0,6.0,1,2021.0,9.0,0004-MS00200_TR12,39.023896,9.248386794,Sardegna,0.0,0.0,inf
0004-MS00200_TR12_149_LIT,5.0,6.0,1,2021.0,9.0,0004-MS00200_TR12,39.023896,9.248386794,Sardegna,0.0,0.0,inf
0004-MS00200_TR12_163_TR,5.0,6.0,1,2021.0,11.0,0004-MS00200_TR12,39.023896,9.248386794,Sardegna,0.0,0.0,inf
0004-MS00200_TR12_164_TR,5.0,6.0,1,2021.0,11.0,0004-MS00200_TR12,39.023896,9.248386794,Sardegna,0.0,0.0,inf
0004-MS00200_TR12_165_TR,5.0,6.0,1,2021.0,11.0,0004-MS00200_TR12,39.023896,9.248386794,Sardegna,0.0,0.0,inf
0004-MS00200_TR12_166_TR,5.0,6.0,2,2021.0,11.0,0004-MS00200_TR12,39.023896,9.248386794,Sardegna,0.0,0.0,inf
0004-MS00200_TR12_167_TR,5.0,6.0,1,2021.0,11.0,0004-MS00200_TR12,39.023896,9.248386794,Sardegna,0.0,0.0,inf
0004-MS00200_TR12_168_TR,5.0,6.0,1,2021.0,11.0,0004-MS00200_TR12,39.023896,9.248386794,Sardegna,0.0,0.0,inf
0004-MS00200_TR12_169_TR,5.0,6.0,1,2021.0,11.0,0004-MS00200_TR12,39.023896,9.248386794,Sardegna,0.0,0.0,inf
0004-MS00200_TR12_170_TR,5.0,6.0,1,2021.0,11.0,0004-MS00200_TR12,39.023896,9.248386794,Sardegna,0.0,0.0,inf
0004-MS00200_TR12_171_TR,5.0,6.0,1,2021.0,11.0,0004-MS00200_TR12,39.023896,9.248386794,Sardegna,0.0,0.0,inf
0004-MS00200_TR12_172_TR,5.0,6.0,1,2021.0,11.0,0004-MS00200_TR12,39.023896,9.248386794,Sardegna,0.0,0.0,inf
0004-MS00200_TR12_173_TR,5.0,6.0,1,2021.0,11.0,0004-MS00200_TR12,39.023896,9.248386794,Sardegna,0.0,0.0,inf
0004-MS00200_TR12_174_TR,5.0,6.0,1,2021.0,11.0,0004-MS00200_TR12,39.023896,9.248386794,Sardegna,0.0,0.0,inf
0004-MS00200_TR12_175_TR,5.0,6.0,1,2021.0,11.0,0004-MS00200_TR12,39.023896,9.248386794,Sardegna,0.0,0.0,inf
0004-MS00200_TR12_176_TR,5.0,6.0,1,2021.0,11.0,0004-MS00200_TR12,39.023896,9.248386794,Sardegna,0.0,0.0,inf
0004-MS00200_TR12_177_TR,5.0,6.0,1,2021.0,11.0,0004-MS00200_TR12,39.023896,9.248386794,Sardegna,0.0,0.0,inf
0004-MS00200_TR12_178_TR,5.0,6.0,1,2021.0,11.0,0004-MS00200_TR12,39.023896,9.248386794,Sardegna,0.0,0.0,inf
0004-MS00200_TR12_179_TR,5.0,6.0,2,2021.0,11.0,0004-MS00200_TR12,39.023896,9.248386794,Sardegna,0.03333333333333333,0.001852,1079.9136069114472
0004-MS00200_TR12_180_TR,5.0,6.0,2,2021.0,11.0,0004-MS00200_TR12,39.023896,9.248386794,Sardegna,0.0,0.0,inf
0004-MS00200_TR12_181_TR,5.0,6.0,1,2021.0,11.0,0004-MS00200_TR12,39.023896,9.248386794,Sardegna,0.0,0.0,inf
0004-MS00200_TR12_182_TR,5.0,6.0,1,2021.0,11.0,0004-MS00200_TR12,39.023896,9.248386794,Sardegna,0.0,0.0,inf
0004-MS00200_TR12_183_TR,5.0,6.0,2,2021.0,11.0,0004-MS00200_TR12,39.023896,9.248386794,Sardegna,0.0,0.0,inf
0004-MS00200_TR12_184_TR,5.0,6.0,1,2021.0,11.0,0004-MS00200_TR12,39.023896,9.248386794,Sardegna,0.0,0.0,inf
0004-MS00200_TR12_185_TR,5.0,6.0,2,2021.0,11.0,0004-MS00200_TR12,39.023896,9.248386794,Sardegna,0.0,0.0,inf
0004-MS00200_TR12_223_LIT,5.0,6.0,1,2022.0,5.0,0004-MS00200_TR12,39.023896,9.24838679,Sardegna,0.0,0.0,inf
0004-MS00200_TR12_224_LIT,5.0,6.0,1,2022.0,5.0,0004-MS00200_TR12,39.023896,9.24838679,Sardegna,0.0,0.0,inf
0004-MS00200_TR12_225_LIT,5.0,6.0,1,2022.0,5.0,0004-MS00200_TR12,39.023896,9.24838679,Sardegna,0.0,0.0,inf
0004-MS00200_TR12_226_LIT,5.0,6.0,1,2022.0,5.0,0004-MS00200_TR12,39.023896,9.24838679,Sardegna,0.0,0.0,inf
0004-MS00200_TR12_227_LIT,5.0,6.0,1,2022.0,5.0,0004-MS00200_TR12,39.023896,9.24838679,Sardegna,0.0,0.0,inf
0004-MS00200_TR12_228_LIT,5.0,6.0,1,2022.0,5.0,0004-MS00200_TR12,39.023896,9.24838679,Sardegna,0.0,0.0,inf
0004-MS00200_TR12_229_LIT,5.0,6.0,1,2022.0,5.0,0004-MS00200_TR12,39.023896,9.24838679,Sardegna,0.0,0.0,inf
0004-MS00200_TR12_230_LIT,5.0,6.0,1,2022.0,5.0,0004-MS00200_TR12,39.023896,9.24838679,Sardegna,0.0,0.0,inf
0004-MS00200_TR12_231_LIT,5.0,6.0,1,2022.0,5.0,0004-MS00200_TR12,39.023896,9.24838679,Sardegna,0.0,0.0,inf
0004-MS00200_TR12_232_LIT,5.0,6.0,1,2022.0,5.0,0004-MS00200_TR12,39.023896,9.24838679,Sardegna,0.0,0.0,inf
0004-MS00200_TR12_233_LIT,5.0,6.0,1,2022.0,5.0,0004-MS00200_TR12,39.023896,9.24838679,Sardegna,0.0,0.0,inf
0004-MS00200_TR12_234_LIT,5.0,6.0,1,2022.0,5.0,0004-MS00200_TR12,39.023896,9.24838679,Sardegna,0.0,0.0,inf
0004-MS00200_TR12_235_LIT,5.0,6.0,1,2022.0,5.0,0004-MS00200_TR12,39.023896,9.24838679,Sardegna,0.0,0.0,inf
0004-MS00200_TR12_267_LIT,5.0,6.0,1,2022.0,5.0,0004-MS00200_TR12,39.023896,9.24838679,Sardegna,0.0,0.0,inf
0004-MS00200_TR12_268_LIT,5.0,6.0,1,2022.0,5.0,0004-MS00200_TR12,39.023896,9.24838679,Sardegna,0.0,0.0,inf
0004-MS00200_TR12_269_LIT,5.0,6.0,1,2022.0,5.0,0004-MS00200_TR12,39.023896,9.24838679,Sardegna,0.0,0.0,inf
0004-MS00200_TR12_270_LIT,5.0,6.0,1,2022.0,5.0,0004-MS00200_TR12,39.023896,9.24838679,Sardegna,0.0,0.0,inf
0004-MS00200_TR12_271_LIT,5.0,6.0,1,2022.0,5.0,0004-MS00200_TR12,39.023896,9.24838679,Sardegna,0.0,0.0,inf
0004-MS00200_TR12_272_LIT,5.0,6.0,1,2022.0,5.0,0004-MS00200_TR12,39.023896,9.24838679,Sardegna,0.0,0.0,inf
0004-MS00200_TR12_273_LIT,5.0,6.0,1,2022.0,5.0,0004-MS00200_TR12,39.023896,9.24838679,Sardegna,0.0,0.0,inf
0004-MS00200_TR12_274_LIT,5.0,6.0,1,2022.0,5.0,0004-MS00200_TR12,39.023896,9.24838679,Sardegna,0.0,0.0,inf
0004-MS00200_TR12_275_LIT,5.0,6.0,1,2022.0,5.0,0004-MS00200_TR12,39.023896,9.24838679,Sardegna,0.0,0.0,inf
0004-MS00200_TR12_276_LIT,5.0,6.0,1,2022.0,5.0,0004-MS00200_TR12,39.023896,9.24838679,Sardegna,0.0,0.0,inf
0004-MS00200_TR12_277_LIT,5.0,6.0,1,2022.0,5.0,0004-MS00200_TR12,39.023896,9.24838679,Sardegna,0.0,0.0,inf
0004-MS00200_TR12_278_LIT,5.0,6.0,1,2022.0,5.0,0004-MS00200_TR12,39.023896,9.24838679,Sardegna,0.0,0.0,inf
0004-MS00200_TR12_279_LIT,5.0,6.0,1,2022.0,5.0,0004-MS00200_TR12,39.023896,9.24838679,Sardegna,0.0,0.0,inf
0004-MS00200_TR12_280_LIT,5.0,6.0,1,2022.0,5.0,0004-MS00200_TR12,39.023896,9.24838679,Sardegna,0.0,0.0,inf
0004-MS00200_TR12_292_Lit,5.0,6.0,1,2022.0,7.0,0004-MS00200_TR12,39.023896,9.24838679,Sardegna,0.0,0.0,inf
0004-MS00200_TR12_293_Lit,5.0,6.0,1,2022.0,7.0,0004-MS00200_TR12,39.023896,9.24838679,Sardegna,0.0,0.0,inf
0004-MS00200_TR12_294_Lit,5.0,6.0,1,2022.0,7.0,0004-MS00200_TR12,39.023896,9.24838679,Sardegna,0.0,0.0,inf
0004-MS00200_TR12_338_LIT,5.0,7.0,1,2022.0,11.0,0004-MS00200_TR12,39.023896,9.24838679,Sardegna,0.0,0.0,inf
0004-MS00200_TR12_339_LIT,5.0,7.0,1,2022.0,11.0,0004-MS00200_TR12,39.023896,9.24838679,Sardegna,0.0,0.0,inf
0004-MS00200_TR12_349_LIT,5.0,7.0,1,2023.0,3.0,0004-MS00200_TR12,39.023896,9.24838679,Sardegna,0.0,0.0,inf
0004-MS00200_TR12_350_LIT,5.0,7.0,1,2023.0,3.0,0004-MS00200_TR12,39.023896,9.24838679,Sardegna,0.0,0.0,inf
0004-MS00200_TR12_371_LIT,50.0,6.5,1,2023.0,5.0,0004-MS00200_TR12,39.023896,9.24838679,Sardegna,0.0,0.0,inf
0004-MS00200_TR12_373_LIT,50.0,6.5,1,2023.0,5.0,0004-MS00200_TR12,39.023896,9.24838679,Sardegna,0.0,0.0,inf
0004-MS00200_TR12_375_LIT,50.0,6.5,1,2023.0,5.0,0004-MS00200_TR12,39.023896,9.24838679,Sardegna,0.0,0.0,inf
0004-MS00200_TR12_376_LIT,50.0,6.5,2,2023.0,5.0,0004-MS00200_TR12,39.023896,9.24838679,Sardegna,0.0,0.0,inf
0004-MS00200_TR12_377_LIT,50.0,6.5,1,2023.0,5.0,0004-MS00200_TR12,39.023896,9.24838679,Sardegna,0.0,0.0,inf
0004-MS00200_TR12_378_LIT,50.0,6.5,1,2023.0,5.0,0004-MS00200_TR12,39.023896,9.24838679,Sardegna,0.0,0.0,inf
0004-MS00200_TR12_379_LIT,50.0,6.5,1,2023.0,5.0,0004-MS00200_TR12,39.023896,9.24838679,Sardegna,0.0,0.0,inf
0004-MS00200_TR12_397_BEG,,,1,2023.0,9.0,0004-MS00200_TR12,39.023896,9.24838679,Sardegna,0.0,,
0004-MS00200_TR12_398_LIT,5.0,6.0,1,2023.0,9.0,0004-MS00200_TR12,39.023896,9.24838679,Sardegna,0.0,0.0,inf
0004-MS00200_TR12_405_LIT,,,1,2023.0,9.0,0004-MS00200_TR12,39.023896,9.24838679,Sardegna,0.0,,
0004-MS00200_TR12_406_LIT,,,1,2023.0,9.0,0004-MS00200_TR12,39.023896,9.24838679,Sardegna,0.0,,
0004-MS00200_TR12_410_LIT,5.0,6.0,1,2023.0,9.0,0004-MS00200_TR12,39.023896,9.24838679,Sardegna,0.0,0.0,inf
0004-MS00200_TR12_411_END,,,1,2023.0,9.0,0004-MS00200_TR12,39.023896,9.24838679,Sardegna,0.0,,
0004-MS00200_TR12_66_LIT,5.0,6.0,1,2021.0,1.0,0004-MS00200_TR12,39.023896,9.248386794,Sardegna,0.0,0.0,inf
0004-MS00200_TR12_73_LIT,5.0,6.0,1,2021.0,1.0,0004-MS00200_TR12,39.023896,9.248386794,Sardegna,0.0,0.0,inf
0004-MS00200_TR12_B67_LIT,5.0,6.0,1,2021.0,1.0,0004-MS00200_TR12,39.023896,9.248386794,Sardegna,0.0,0.0,inf
0004-MS00200_TR12_B75_LIT,5.0,6.0,2,2021.0,1.0,0004-MS00200_TR12,39.023896,9.248386794,Sardegna,0.23333333333333334,0.012964,154.27337241592102
0004-MS00200_TR12_C72_LIT,5.0,6.0,1,2021.0,1.0,0004-MS00200_TR12,39.023896,9.248386794,Sardegna,0.0,0.0,inf
0018-MS00110_TR06_103_LIT,5.0,10.0,1,2021.0,3.0,0018-MS00110_TR06,39.034544,9.498402779,Sardegna,0.0,0.0,inf
0018-MS00110_TR06_104_LIT,5.0,10.0,1,2021.0,3.0,0018-MS00110_TR06,39.034544,9.498402779,Sardegna,0.0,0.0,inf
0018-MS00110_TR06_115_LIT,5.0,6.0,1,2021.0,5.0,0018-MS00110_TR06,39.034544,9.498402779,Sardegna,0.0,0.0,inf
0018-MS00110_TR06_116_LIT,5.0,6.0,2,2021.0,5.0,0018-MS00110_TR06,39.034544,9.498402779,Sardegna,0.0,0.0,inf
0018-MS00110_TR06_120_LIT,5.0,6.0,1,2021.0,5.0,0018-MS00110_TR06,39.034544,9.498402779,Sardegna,0.0,0.0,inf
0018-MS00110_TR06_139_LIT,5.0,8.0,1,2021.0,5.0,0018-MS00110_TR06,39.034544,9.498402779,Sardegna,0.0,0.0,inf
0018-MS00110_TR06_140_LIT,5.0,8.0,1,2021.0,5.0,0018-MS00110_TR06,39.034544,9.498402779,Sardegna,0.0,0.0,inf
0018-MS00110_TR06_156_LIT,5.0,7.4,1,2021.0,10.0,0018-MS00110_TR06,39.034544,9.498402779,Sardegna,0.0,0.0,inf
0018-MS00110_TR06_157_LIT,5.0,7.4,1,2021.0,10.0,0018-MS00110_TR06,39.034544,9.498402779,Sardegna,0.0,0.0,inf
0018-MS00110_TR06_158_LIT,5.0,7.4,1,2021.0,10.0,0018-MS00110_TR06,39.034544,9.498402779,Sardegna,0.0,0.0,inf
0018-MS00110_TR06_159_LIT,5.0,7.4,1,2021.0,10.0,0018-MS00110_TR06,39.034544,9.498402779,Sardegna,0.0,0.0,inf
0018-MS00110_TR06_160_LIT,5.0,7.4,1,2021.0,10.0,0018-MS00110_TR06,39.034544,9.498402779,Sardegna,0.0,0.0,inf
0018-MS00110_TR06_196_TR,5.0,6.0,1,2021.0,12.0,0018-MS00110_TR06,39.034544,9.498402779,Sardegna,0.0,0.0,inf
0018-MS00110_TR06_243_LIT,5.0,8.0,1,2022.0,5.0,0018-MS00110_TR06,39.034544,9.49840278,Sardegna,0.0,0.0,inf
0018-MS00110_TR06_244_LIT,5.0,8.0,1,2022.0,5.0,0018-MS00110_TR06,39.034544,9.49840278,Sardegna,0.0,0.0,inf
0018-MS00110_TR06_289_Lit,5.0,8.0,1,2022.0,7.0,0018-MS00110_TR06,39.034544,9.49840278,Sardegna,0.0,0.0,inf
0018-MS00110_TR06_290_Lit,5.0,8.0,1,2022.0,7.0,0018-MS00110_TR06,39.034544,9.49840278,Sardegna,0.0,0.0,inf
0018-MS00110_TR06_291_Lit,5.0,8.0,1,2022.0,7.0,0018-MS00110_TR06,39.034544,9.49840278,Sardegna,0.0,0.0,inf
0018-MS00110_TR06_337_LIT,5.0,5.5,1,2022.0,11.0,0018-MS00110_TR06,39.034544,9.49840278,Sardegna,0.0,0.0,inf
0018-MS00110_TR06_342_Lit,5.0,6.0,1,2023.0,2.0,0018-MS00110_TR06,39.034544,9.49840278,Sardegna,0.0,0.0,inf
0018-MS00110_TR06_359_LIT,5.0,6.5,1,2023.0,3.0,0018-MS00110_TR06,39.034544,9.49840278,Sardegna,0.0,0.0,inf
0018-MS00110_TR06_360_LIT,5.0,6.5,1,2023.0,3.0,0018-MS00110_TR06,39.034544,9.49840278,Sardegna,,,
0018-MS00110_TR06_390_LIT,5.0,6.9,1,2023.0,7.0,0018-MS00110_TR06,39.034544,9.49840278,Sardegna,0.0,0.0,inf
0018-MS00110_TR06_391_LIT,5.0,6.9,1,2023.0,7.0,0018-MS00110_TR06,39.034544,9.49840278,Sardegna,0.0,0.0,inf
0018-MS00110_TR06_392_LIT,5.0,6.9,1,2023.0,7.0,0018-MS00110_TR06,39.034544,9.49840278,Sardegna,0.0,0.0,inf
0018-MS00110_TR06_393_LIT,5.0,6.9,2,2023.0,7.0,0018-MS00110_TR06,39.034544,9.49840278,Sardegna,0.0,0.0,inf
0018-MS00110_TR06_436_BEG,,,1,2023.0,9.0,0018-MS00110_TR06,39.034544,9.49840278,Sardegna,0.0,,
0018-MS00110_TR06_438_LIT,5.0,6.0,1,2023.0,9.0,0018-MS00110_TR06,39.034544,9.49840278,Sardegna,0.0,0.0,inf
0018-MS00110_TR06_439_LIT,5.0,6.0,1,2023.0,9.0,0018-MS00110_TR06,39.034544,9.49840278,Sardegna,0.0,0.0,inf
0018-MS00110_TR06_440_END,,,1,2023.0,9.0,0018-MS00110_TR06,39.034544,9.49840278,Sardegna,0.0,,
0018-MS00110_TR06_BEG,,,1,2023.0,7.0,0018-MS00110_TR06,39.034544,9.49840278,Sardegna,0.0,,
0018-MS00110_TR06_END,,,1,2023.0,7.0,0018-MS00110_TR06,39.034544,9.49840278,Sardegna,0.0,,
0018-MS00110_TR12_100_LIT,5.0,10.0,2,2021.0,3.0,0018-MS00110_TR12,38.934759,9.515226699,Sardegna,0.0,0.0,inf
0018-MS00110_TR12_101_LIT,5.0,10.0,1,2021.0,3.0,0018-MS00110_TR12,38.934759,9.515226699,Sardegna,0.0,0.0,inf
0018-MS00110_TR12_106_LIT,5.0,6.0,1,2021.0,5.0,0018-MS00110_TR12,38.934759,9.515226699,Sardegna,0.0,0.0,inf
0018-MS00110_TR12_107_LIT,5.0,6.0,1,2021.0,5.0,0018-MS00110_TR12,38.934759,9.515226699,Sardegna,0.0,0.0,inf
0018-MS00110_TR12_109_LIT,5.0,6.0,1,2021.0,5.0,0018-MS00110_TR12,38.934759,9.515226699,Sardegna,0.0,0.0,inf
0018-MS00110_TR12_110_LIT,5.0,6.0,1,2021.0,5.0,0018-MS00110_TR12,38.934759,9.515226699,Sardegna,0.0,0.0,inf
0018-MS00110_TR12_111_LIT,5.0,6.0,2,2021.0,5.0,0018-MS00110_TR12,38.934759,9.515226699,Sardegna,0.0,0.0,inf
0018-MS00110_TR12_112_LIT,5.0,6.0,1,2021.0,5.0,0018-MS00110_TR12,38.934759,9.515226699,Sardegna,0.0,0.0,inf
0018-MS00110_TR12_113_LIT,5.0,6.0,2,2021.0,5.0,0018-MS00110_TR12,38.934759,9.515226699,Sardegna,0.0,0.0,inf
0018-MS00110_TR12_133_LIT,5.0,5.8,1,2021.0,7.0,0018-MS00110_TR12,38.934759,9.515226699,Sardegna,0.0,0.0,inf
0018-MS00110_TR12_134_LIT,5.0,5.8,1,2021.0,7.0,0018-MS00110_TR12,38.934759,9.515226699,Sardegna,0.0,0.0,inf
0018-MS00110_TR12_135_LIT,5.0,5.8,1,2021.0,7.0,0018-MS00110_TR12,38.934759,9.515226699,Sardegna,0.0,0.0,inf
0018-MS00110_TR12_136_LIT,5.0,5.8,2,2021.0,7.0,0018-MS00110_TR12,38.934759,9.515226699,Sardegna,0.0,0.0,inf
0018-MS00110_TR12_137_LIT,5.0,5.8,1,2021.0,7.0,0018-MS00110_TR12,38.934759,9.515226699,Sardegna,0.0,0.0,inf
0018-MS00110_TR12_138_LIT,5.0,5.8,1,2021.0,7.0,0018-MS00110_TR12,38.934759,9.515226699,Sardegna,0.0,0.0,inf
0018-MS00110_TR12_161_LIT,5.0,7.4,2,2021.0,10.0,0018-MS00110_TR12,38.934759,9.515226699,Sardegna,0.0,0.0,inf
0018-MS00110_TR12_162_LIT,5.0,7.4,1,2021.0,10.0,0018-MS00110_TR12,38.934759,9.515226699,Sardegna,0.0,0.0,inf
0018-MS00110_TR12_191_TR,5.0,6.0,2,2021.0,12.0,0018-MS00110_TR12,38.934759,9.515226699,Sardegna,0.0,0.0,inf
0018-MS00110_TR12_192_TR,5.0,6.0,1,2021.0,12.0,0018-MS00110_TR12,38.934759,9.515226699,Sardegna,0.0,0.0,inf
0018-MS00110_TR12_193_TR,5.0,6.0,1,2021.0,12.0,0018-MS00110_TR12,38.934759,9.515226699,Sardegna,0.0,0.0,inf
0018-MS00110_TR12_194_TR,5.0,6.0,1,2021.0,12.0,0018-MS00110_TR12,38.934759,9.515226699,Sardegna,0.0,0.0,inf
0018-MS00110_TR12_195_TR,5.0,6.0,1,2021.0,12.0,0018-MS00110_TR12,38.934759,9.515226699,Sardegna,0.0,0.0,inf
0018-MS00110_TR12_238_LIT,5.0,8.0,1,2022.0,5.0,0018-MS00110_TR12,38.934759,9.5152267,Sardegna,0.0,0.0,inf
0018-MS00110_TR12_239_LIT,5.0,8.0,2,2022.0,5.0,0018-MS00110_TR12,38.934759,9.5152267,Sardegna,0.0,0.0,inf
0018-MS00110_TR12_240_LIT,5.0,8.0,1,2022.0,5.0,0018-MS00110_TR12,38.934759,9.5152267,Sardegna,0.0,0.0,inf
0018-MS00110_TR12_241_LIT,5.0,8.0,1,2022.0,5.0,0018-MS00110_TR12,38.934759,9.5152267,Sardegna,0.0,0.0,inf
0018-MS00110_TR12_242_LIT,5.0,8.0,1,2022.0,5.0,0018-MS00110_TR12,38.934759,9.5152267,Sardegna,0.0,0.0,inf
0018-MS00110_TR12_282_Lit,5.0,7.0,1,2022.0,7.0,0018-MS00110_TR12,38.934759,9.5152267,Sardegna,0.0,0.0,inf
0018-MS00110_TR12_283_Lit,5.0,7.0,1,2022.0,7.0,0018-MS00110_TR12,38.934759,9.5152267,Sardegna,0.0,0.0,inf
0018-MS00110_TR12_284_Lit,5.0,7.0,1,2022.0,7.0,0018-MS00110_TR12,38.934759,9.5152267,Sardegna,0.0,0.0,inf
0018-MS00110_TR12_285_Lit,5.0,7.0,1,2022.0,7.0,0018-MS00110_TR12,38.934759,9.5152267,Sardegna,0.0,0.0,inf
0018-MS00110_TR12_286_Lit,5.0,7.0,1,2022.0,7.0,0018-MS00110_TR12,38.934759,9.5152267,Sardegna,0.0,0.0,inf
0018-MS00110_TR12_287_Lit,5.0,7.0,1,2022.0,7.0,0018-MS00110_TR12,38.934759,9.5152267,Sardegna,0.0,0.0,inf
0018-MS00110_TR12_288_Lit,5.0,7.0,1,2022.0,7.0,0018-MS00110_TR12,38.934759,9.5152267,Sardegna,0.0,0.0,inf
0018-MS00110_TR12_328_LIT,5.0,5.5,1,2022.0,11.0,0018-MS00110_TR12,38.934759,9.5152267,Sardegna,0.0,0.0,inf
0018-MS00110_TR12_329_LIT,5.0,5.5,1,2022.0,11.0,0018-MS00110_TR12,38.934759,9.5152267,Sardegna,0.0,0.0,inf
0018-MS00110_TR12_330_LIT,5.0,5.5,1,2022.0,11.0,0018-MS00110_TR12,38.934759,9.5152267,Sardegna,0.0,0.0,inf
0018-MS00110_TR12_331_LIT,5.0,5.5,1,2022.0,11.0,0018-MS00110_TR12,38.934759,9.5152267,Sardegna,0.0,0.0,inf
0018-MS00110_TR12_332_LIT,5.0,5.5,1,2022.0,11.0,0018-MS00110_TR12,38.934759,9.5152267,Sardegna,0.0,0.0,inf
0018-MS00110_TR12_333_LIT,5.0,5.5,1,2022.0,11.0,0018-MS00110_TR12,38.934759,9.5152267,Sardegna,0.0,0.0,inf
0018-MS00110_TR12_334_LIT,5.0,5.5,1,2022.0,11.0,0018-MS00110_TR12,38.934759,9.5152267,Sardegna,0.0,0.0,inf
0018-MS00110_TR12_335_LIT,5.0,5.5,1,2022.0,11.0,0018-MS00110_TR12,38.934759,9.5152267,Sardegna,0.0,0.0,inf
0018-MS00110_TR12_336_LIT,5.0,5.5,1,2022.0,11.0,0018-MS00110_TR12,38.934759,9.5152267,Sardegna,0.0,0.0,inf
0018-MS00110_TR12_352_LIT,27.5,6.15,2,2023.0,3.0,0018-MS00110_TR12,38.934759,9.5152267,Sardegna,1.25,0.391524375,5.108238791007585
0018-MS00110_TR12_353_LIT,5.0,6.5,1,2023.0,3.0,0018-MS00110_TR12,38.934759,9.5152267,Sardegna,0.0,0.0,inf
0018-MS00110_TR12_355_LIT,5.0,6.5,1,2023.0,3.0,0018-MS00110_TR12,38.934759,9.5152267,Sardegna,0.0,0.0,inf
0018-MS00110_TR12_419_BEG,,,1,2023.0,9.0,0018-MS00110_TR12,38.934759,9.5152267,Sardegna,0.0,,
0018-MS00110_TR12_420_LIT,5.0,6.0,1,2023.0,9.0,0018-MS00110_TR12,38.934759,9.5152267,Sardegna,0.0,0.0,inf
0018-MS00110_TR12_421_LIT,5.0,6.0,1,2023.0,9.0,0018-MS00110_TR12,38.934759,9.5152267,Sardegna,0.0,0.0,inf
0018-MS00110_TR12_422_LIT,5.0,6.0,1,2023.0,9.0,0018-MS00110_TR12,38.934759,9.5152267,Sardegna,0.0,0.0,inf
0018-MS00110_TR12_424_LIT,5.0,6.0,1,2023.0,9.0,0018-MS00110_TR12,38.934759,9.5152267,Sardegna,0.0,0.0,inf
0018-MS00110_TR12_425_LIT,5.0,6.0,1,2023.0,9.0,0018-MS00110_TR12,38.934759,9.5152267,Sardegna,0.0,0.0,inf
0018-MS00110_TR12_427_LIT,5.0,6.0,1,2023.0,9.0,0018-MS00110_TR12,38.934759,9.5152267,Sardegna,0.0,0.0,inf
0018-MS00110_TR12_428_LIT,5.0,6.0,1,2023.0,9.0,0018-MS00110_TR12,38.934759,9.5152267,Sardegna,0.0,0.0,inf
0018-MS00110_TR12_429_LIT,5.0,6.0,1,2023.0,9.0,0018-MS00110_TR12,38.934759,9.5152267,Sardegna,0.0,0.0,inf
0018-MS00110_TR12_430_LIT,5.0,6.0,1,2023.0,9.0,0018-MS00110_TR12,38.934759,9.5152267,Sardegna,0.0,0.0,inf
0018-MS00110_TR12_431_LIT,5.0,6.0,1,2023.0,9.0,0018-MS00110_TR12,38.934759,9.5152267,Sardegna,0.0,0.0,inf
0018-MS00110_TR12_435_END,,,1,2023.0,9.0,0018-MS00110_TR12,38.934759,9.5152267,Sardegna,0.0,,
0018-MS00110_TR12_79_LIT,5.0,6.0,1,2021.0,2.0,0018-MS00110_TR12,38.934759,9.515226699,Sardegna,0.0,0.0,inf
0018-MS00110_TR12_80_LIT,5.0,6.0,1,2021.0,2.0,0018-MS00110_TR12,38.934759,9.515226699,Sardegna,0.0,0.0,inf
0018-MS00110_TR12_81_LIT,5.0,6.0,1,2021.0,2.0,0018-MS00110_TR12,38.934759,9.515226699,Sardegna,0.0,0.0,inf
0018-MS00110_TR12_82_LIT,5.0,6.0,1,2021.0,2.0,0018-MS00110_TR12,38.934759,9.515226699,Sardegna,0.0,0.0,inf
0018-MS00110_TR12_83_LIT,5.0,6.0,1,2021.0,2.0,0018-MS00110_TR12,38.934759,9.515226699,Sardegna,0.0,0.0,inf
004-MS00200_TR06_96_LIT,5.0,6.0,1,2021.0,3.0,0004-MS00200_TR06,39.12184,9.22315355,Sardegna,0.0,0.0,inf
004-MS00200_TR12_85_LIT,5.0,6.0,1,2021.0,3.0,0004-MS00200_TR12,39.023896,9.248386794,Sardegna,0.0,0.0,inf
004-MS00200_TR12_86_LIT,5.0,6.0,1,2021.0,3.0,0004-MS00200_TR12,39.023896,9.248386794,Sardegna,0.0,0.0,inf
004-MS00200_TR12_87_LIT,5.0,6.0,1,2021.0,3.0,0004-MS00200_TR12,39.023896,9.248386794,Sardegna,0.0,0.0,inf
004-MS00200_TR12_88_LIT,5.0,6.0,1,2021.0,3.0,0004-MS00200_TR12,39.023896,9.248386794,Sardegna,0.0,0.0,inf
004-MS00200_TR12_90_LIT,5.0,6.0,1,2021.0,3.0,0004-MS00200_TR12,39.023896,9.248386794,Sardegna,0.0,0.0,inf
004-MS00200_TR12_93_LIT,5.0,6.0,1,2021.0,3.0,0004-MS00200_TR12,39.023896,9.248386794,Sardegna,0.0,0.0,inf
004-MS00200_TR12_94_LIT,5.0,6.0,1,2021.0,3.0,0004-MS00200_TR12,39.023896,9.248386794,Sardegna,0.0,0.0,inf
004-MS00200_TR12_95_LIT,5.0,6.0,1,2021.0,3.0,0004-MS00200_TR12,39.023896,9.248386794,Sardegna,0.0,0.0,inf
0073-MS00370_TR06_650_LIT,5.0,8.0,1,2021.0,4.0,0073-MS00370_TR06,39.950342,9.815153906,Sardegna,0.0,0.0,inf
0073-MS00370_TR06_651_LIT,5.0,8.0,1,2021.0,4.0,0073-MS00370_TR06,39.950342,9.815153906,Sardegna,0.0,0.0,inf
0073-MS00370_TR06_652_LIT,5.0,8.0,1,2021.0,4.0,0073-MS00370_TR06,39.950342,9.815153906,Sardegna,0.0,0.0,inf
0073-MS00370_TR06_653_LIT,5.0,8.0,1,2021.0,4.0,0073-MS00370_TR06,39.950342,9.815153906,Sardegna,0.0,0.0,inf
0073-MS00370_TR06_654_LIT,5.0,8.0,1,2021.0,4.0,0073-MS00370_TR06,39.950342,9.815153906,Sardegna,0.0,0.0,inf
0073-MS00370_TR06_701_LIT,5.0,8.0,1,2021.0,7.0,0073-MS00370_TR06,39.950342,9.815153906,Sardegna,0.0,0.0,inf
0073-MS00370_TR06_702_LIT,5.0,8.0,1,2021.0,7.0,0073-MS00370_TR06,39.950342,9.815153906,Sardegna,0.0,0.0,inf
0073-MS00370_TR06_703_LIT,5.0,8.0,1,2021.0,7.0,0073-MS00370_TR06,39.950342,9.815153906,Sardegna,0.0,0.0,inf
0073-MS00370_TR06_704_LIT,5.0,8.0,1,2021.0,7.0,0073-MS00370_TR06,39.950342,9.815153906,Sardegna,0.0,0.0,inf
0073-MS00370_TR06_709_LIT,5.0,8.0,1,2021.0,12.0,0073-MS00370_TR06,39.950342,9.815153906,Sardegna,0.0,0.0,inf
0073-MS00370_TR06_744_LIT,,8.0,1,2022.0,3.0,0073-MS00370_TR06,39.950342,9.81515391,Sardegna,0.0,,
0073-MS00370_TR06_758_Lit,5.0,8.0,1,2022.0,7.0,0073-MS00370_TR06,39.9503424,9.81515391,Sardegna,0.0,0.0,inf
0073-MS00370_TR06_759_Lit,5.0,8.0,1,2022.0,7.0,0073-MS00370_TR06,39.9503424,9.81515391,Sardegna,0.0,0.0,inf
0073-MS00370_TR06_760_Lit,5.0,8.0,1,2022.0,7.0,0073-MS00370_TR06,39.9503424,9.81515391,Sardegna,0.0,0.0,inf
0073-MS00370_TR06_761_Lit,5.0,8.0,1,2022.0,7.0,0073-MS00370_TR06,39.9503424,9.81515391,Sardegna,0.0,0.0,inf
0073-MS00370_TR06_762_Lit,5.0,8.0,1,2022.0,7.0,0073-MS00370_TR06,39.9503424,9.81515391,Sardegna,0.0,0.0,inf
0073-MS00370_TR06_T778_Lit,5.0,8.0,1,2023.0,2.0,0073-MS00370,,,,0.0,0.0,inf
0073-MS00370_TR06_T779_Lit,5.0,8.0,1,2023.0,2.0,0073-MS00370,,,,0.0,0.0,inf
0073-MS00370_TR06_T780_Lit,5.0,8.0,1,2023.0,2.0,0073-MS00370,,,,0.0,0.0,inf
0073-MS00370_TR06_T846_LIT,5.0,8.0,1,2023.0,3.0,0073-MS00370_TR06,39.9503424,9.81515391,Sardegna,0.0,0.0,inf
0073-MS00370_TR06_T944_LIT,50.0,8.0,1,2023.0,5.0,0073-MS00370_TR06,39.9503424,9.81515391,Sardegna,0.0,0.0,inf
0073-MS00370_TR06_T946_LIT,50.0,8.0,1,2023.0,5.0,0073-MS00370_TR06,39.9503424,9.81515391,Sardegna,0.0,0.0,inf
0073-MS00370_TR06_T947_LIT,50.0,8.0,1,2023.0,5.0,0073-MS00370_TR06,39.9503424,9.81515391,Sardegna,0.0,0.0,inf
0073-MS00370_TR12_212_LIT,5.0,8.0,1,2022.0,3.0,0018-MS00110_TR12,38.934759,9.5152267,Sardegna,0.0,0.0,inf
0073-MS00370_TR12_213_LIT,5.0,8.0,1,2022.0,3.0,0018-MS00110_TR12,38.934759,9.5152267,Sardegna,0.0,0.0,inf
0073-MS00370_TR12_214_LIT,5.0,8.0,1,2022.0,3.0,0018-MS00110_TR12,38.934759,9.5152267,Sardegna,0.0,0.0,inf
0073-MS00370_TR12_624_LIT,5.0,8.0,1,2021.0,4.0,0073-MS00370_TR12,39.950543,9.944859824,Sardegna,0.0,0.0,inf
0073-MS00370_TR12_626_LIT,5.0,8.0,1,2021.0,4.0,0073-MS00370_TR12,39.950543,9.944859824,Sardegna,0.0,0.0,inf
0073-MS00370_TR12_627_LIT,5.0,8.0,1,2021.0,4.0,0073-MS00370_TR12,39.950543,9.944859824,Sardegna,0.0,0.0,inf
0073-MS00370_TR12_628_LIT,5.0,8.0,1,2021.0,4.0,0073-MS00370_TR12,39.950543,9.944859824,Sardegna,0.0,0.0,inf
0073-MS00370_TR12_630_LIT,5.0,8.0,1,2021.0,4.0,0073-MS00370_TR12,39.950543,9.944859824,Sardegna,0.0,0.0,inf
0073-MS00370_TR12_631_LIT,5.0,8.0,1,2021.0,4.0,0073-MS00370_TR12,39.950543,9.944859824,Sardegna,0.0,0.0,inf
0073-MS00370_TR12_635_LIT,5.0,8.0,1,2021.0,4.0,0073-MS00370_TR12,39.950543,9.944859824,Sardegna,0.0,0.0,inf
0073-MS00370_TR12_636_LIT,5.0,8.0,1,2021.0,4.0,0073-MS00370_TR12,39.950543,9.944859824,Sardegna,0.0,0.0,inf
0073-MS00370_TR12_639_LIT,5.0,8.0,1,2021.0,4.0,0073-MS00370_TR12,39.950543,9.944859824,Sardegna,0.0,0.0,inf
0073-MS00370_TR12_640_LIT,5.0,8.0,1,2021.0,4.0,0073-MS00370_TR12,39.950543,9.944859824,Sardegna,0.0,0.0,inf
0073-MS00370_TR12_642_LIT,5.0,8.0,1,2021.0,4.0,0073-MS00370_TR12,39.950543,9.944859824,Sardegna,0.0,0.0,inf
0073-MS00370_TR12_646_LIT,5.0,8.0,1,2021.0,4.0,0073-MS00370_TR12,39.950543,9.944859824,Sardegna,0.0,0.0,inf
0073-MS00370_TR12_648_LIT,5.0,8.0,1,2021.0,4.0,0073-MS00370_TR12,39.950543,9.944859824,Sardegna,0.0,0.0,inf
0073-MS00370_TR12_664_LIT,5.0,8.0,1,2021.0,6.0,0073-MS00370_TR12,39.950543,9.944859824,Sardegna,0.0,0.0,inf
0073-MS00370_TR12_665_LIT,5.0,8.0,1,2021.0,6.0,0073-MS00370_TR12,39.950543,9.944859824,Sardegna,0.0,0.0,inf
0073-MS00370_TR12_666_LIT,5.0,8.0,1,2021.0,6.0,0073-MS00370_TR12,39.950543,9.944859824,Sardegna,0.0,0.0,inf
0073-MS00370_TR12_667_LIT,5.0,8.0,1,2021.0,6.0,0073-MS00370_TR12,39.950543,9.944859824,Sardegna,0.0,0.0,inf
0073-MS00370_TR12_668_LIT,5.0,8.0,1,2021.0,6.0,0073-MS00370_TR12,39.950543,9.944859824,Sardegna,0.0,0.0,inf
0073-MS00370_TR12_669_LIT,5.0,8.0,1,2021.0,6.0,0073-MS00370_TR12,39.950543,9.944859824,Sardegna,0.0,0.0,inf
0073-MS00370_TR12_671_LIT,5.0,8.0,1,2021.0,6.0,0073-MS00370_TR12,39.950543,9.944859824,Sardegna,0.0,0.0,inf
0073-MS00370_TR12_672_LIT,5.0,8.0,1,2021.0,6.0,0073-MS00370_TR12,39.950543,9.944859824,Sardegna,0.0,0.0,inf
0073-MS00370_TR12_673_LIT,5.0,8.0,1,2021.0,6.0,0073-MS00370_TR12,39.950543,9.944859824,Sardegna,0.0,0.0,inf
0073-MS00370_TR12_674_LIT,5.0,8.0,1,2021.0,6.0,0073-MS00370_TR12,39.950543,9.944859824,Sardegna,0.0,0.0,inf
0073-MS00370_TR12_675_LIT,5.0,8.0,1,2021.0,6.0,0073-MS00370_TR12,39.950543,9.944859824,Sardegna,0.0,0.0,inf
0073-MS00370_TR12_676_LIT,5.0,8.0,1,2021.0,6.0,0073-MS00370_TR12,39.950543,9.944859824,Sardegna,0.0,0.0,inf
0073-MS00370_TR12_677_LIT,5.0,8.0,1,2021.0,6.0,0073-MS00370_TR12,39.950543,9.944859824,Sardegna,0.0,0.0,inf
0073-MS00370_TR12_678_LIT,5.0,8.0,1,2021.0,6.0,0073-MS00370_TR12,39.950543,9.944859824,Sardegna,0.0,0.0,inf
0073-MS00370_TR12_679_LIT,5.0,8.0,1,2021.0,6.0,0073-MS00370_TR12,39.950543,9.944859824,Sardegna,0.0,0.0,inf
0073-MS00370_TR12_680_LIT,5.0,8.0,1,2021.0,6.0,0073-MS00370_TR12,39.950543,9.944859824,Sardegna,0.0,0.0,inf
0073-MS00370_TR12_681_LIT,5.0,8.0,1,2021.0,6.0,0073-MS00370_TR12,39.950543,9.944859824,Sardegna,0.0,0.0,inf
0073-MS00370_TR12_682_LIT,5.0,8.0,1,2021.0,6.0,0073-MS00370_TR12,39.950543,9.944859824,Sardegna,0.0,0.0,inf
0073-MS00370_TR12_683_LIT,5.0,8.0,1,2021.0,6.0,0073-MS00370_TR12,39.950543,9.944859824,Sardegna,0.0,0.0,inf
0073-MS00370_TR12_684_LIT,5.0,8.0,1,2021.0,6.0,0073-MS00370_TR12,39.950543,9.944859824,Sardegna,0.0,0.0,inf
0073-MS00370_TR12_690_LIT,5.0,8.0,1,2021.0,12.0,0073-MS00370_TR12,39.950543,9.944859824,Sardegna,0.0,0.0,inf
0073-MS00370_TR12_695_LIT,5.0,8.0,1,2021.0,7.0,0073-MS00370_TR12,39.950543,9.944859824,Sardegna,0.0,0.0,inf
0073-MS00370_TR12_696_LIT,5.0,8.0,1,2021.0,7.0,0073-MS00370_TR12,39.950543,9.944859824,Sardegna,0.0,0.0,inf
0073-MS00370_TR12_697_LIT,5.0,8.0,1,2021.0,7.0,0073-MS00370_TR12,39.950543,9.944859824,Sardegna,0.0,0.0,inf
0073-MS00370_TR12_698_LIT,5.0,8.0,1,2021.0,7.0,0073-MS00370_TR12,39.950543,9.944859824,Sardegna,0.0,0.0,inf
0073-MS00370_TR12_699_LIT,5.0,8.0,1,2021.0,7.0,0073-MS00370_TR12,39.950543,9.944859824,Sardegna,0.0,0.0,inf
0073-MS00370_TR12_700_LIT,5.0,8.0,1,2021.0,7.0,0073-MS00370_TR12,39.950543,9.944859824,Sardegna,0.0,0.0,inf
0073-MS00370_TR12_712_LIT,5.0,8.0,1,2022.0,1.0,0073-MS00370_TR12,39.950543,9.94485982,Sardegna,0.0,0.0,inf
0073-MS00370_TR12_713_LIT,5.0,8.0,1,2022.0,1.0,0073-MS00370_TR12,39.950543,9.94485982,Sardegna,0.0,0.0,inf
0073-MS00370_TR12_714_LIT,5.0,8.0,1,2022.0,1.0,0073-MS00370_TR12,39.950543,9.94485982,Sardegna,0.0,0.0,inf
0073-MS00370_TR12_715_LIT,5.0,8.0,1,2022.0,1.0,0073-MS00370_TR12,39.950543,9.94485982,Sardegna,0.0,0.0,inf
0073-MS00370_TR12_716_LIT,5.0,8.0,1,2022.0,1.0,0073-MS00370_TR12,39.950543,9.94485982,Sardegna,0.0,0.0,inf
0073-MS00370_TR12_717_LIT,5.0,8.0,1,2022.0,1.0,0073-MS00370_TR12,39.950543,9.94485982,Sardegna,0.0,0.0,inf
0073-MS00370_TR12_718_LIT,5.0,8.0,1,2022.0,1.0,0073-MS00370_TR12,39.950543,9.94485982,Sardegna,0.0,0.0,inf
0073-MS00370_TR12_719_LIT,5.0,8.0,1,2022.0,1.0,0073-MS00370_TR12,39.950543,9.94485982,Sardegna,0.0,0.0,inf
0073-MS00370_TR12_720_LIT,5.0,8.0,1,2022.0,1.0,0073-MS00370_TR12,39.950543,9.94485982,Sardegna,0.0,0.0,inf
0073-MS00370_TR12_721_LIT,5.0,8.0,1,2022.0,1.0,0073-MS00370_TR12,39.950543,9.94485982,Sardegna,0.0,0.0,inf
0073-MS00370_TR12_722_LIT,5.0,8.0,1,2022.0,1.0,0073-MS00370_TR12,39.950543,9.94485982,Sardegna,0.0,0.0,inf
0073-MS00370_TR12_728_LIT,,8.0,1,2022.0,3.0,0073-MS00370_TR12,39.950543,9.94485982,Sardegna,0.0,,
0073-MS00370_TR12_731_LIT,,8.0,1,2022.0,3.0,0073-MS00370_TR12,39.950543,9.94485982,Sardegna,0.0,,
0073-MS00370_TR12_732_LIT,,8.0,1,2022.0,3.0,0073-MS00370_TR12,39.950543,9.94485982,Sardegna,0.0,,
0073-MS00370_TR12_733_LIT,,8.0,1,2022.0,3.0,0073-MS00370_TR12,39.950543,9.94485982,Sardegna,0.0,,
0073-MS00370_TR12_734_LIT,,8.0,1,2022.0,3.0,0073-MS00370_TR12,39.950543,9.94485982,Sardegna,0.0,,
0073-MS00370_TR12_735_LIT,,8.0,1,2022.0,3.0,0073-MS00370_TR12,39.950543,9.94485982,Sardegna,0.0,,
0073-MS00370_TR12_737_LIT,,8.0,1,2022.0,3.0,0073-MS00370_TR12,39.950543,9.94485982,Sardegna,0.0,,
0073-MS00370_TR12_738_LIT,,8.0,1,2022.0,3.0,0073-MS00370_TR12,39.950543,9.94485982,Sardegna,0.0,,
0073-MS00370_TR12_741_LIT,,8.0,1,2022.0,3.0,0073-MS00370_TR12,39.950543,9.94485982,Sardegna,0.0,,
0073-MS00370_TR12_742_LIT,,8.0,2,2022.0,3.0,0073-MS00370_TR12,39.950543,9.94485982,Sardegna,0.0,,
0073-MS00370_TR12_743_LIT,,8.0,1,2022.0,3.0,0073-MS00370_TR12,39.950543,9.94485982,Sardegna,0.0,,
0073-MS00370_TR12_747_Lit,5.0,8.0,1,2022.0,7.0,0073-MS00370_TR12,39.9505426,9.94485983,Sardegna,0.0,0.0,inf
0073-MS00370_TR12_748_Lit,5.0,8.0,1,2022.0,7.0,0073-MS00370_TR12,39.9505426,9.94485983,Sardegna,0.0,0.0,inf
0073-MS00370_TR12_749_Lit,5.0,8.0,1,2022.0,7.0,0073-MS00370_TR12,39.9505426,9.94485983,Sardegna,0.0,0.0,inf
0073-MS00370_TR12_750_Lit,5.0,8.0,1,2022.0,7.0,0073-MS00370_TR12,39.9505426,9.94485983,Sardegna,0.0,0.0,inf
0073-MS00370_TR12_751_Lit,5.0,8.0,1,2022.0,7.0,0073-MS00370_TR12,39.9505426,9.94485983,Sardegna,0.0,0.0,inf
0073-MS00370_TR12_752_Lit,5.0,8.0,1,2022.0,7.0,0073-MS00370_TR12,39.9505426,9.94485983,Sardegna,0.0,0.0,inf
0073-MS00370_TR12_753_Lit,5.0,8.0,1,2022.0,7.0,0073-MS00370_TR12,39.9505426,9.94485983,Sardegna,0.0,0.0,inf
0073-MS00370_TR12_754_Lit,5.0,8.0,1,2022.0,7.0,0073-MS00370_TR12,39.9505426,9.94485983,Sardegna,0.0,0.0,inf
0073-MS00370_TR12_755_Lit,5.0,8.0,1,2022.0,7.0,0073-MS00370_TR12,39.9505426,9.94485983,Sardegna,0.0,0.0,inf
0073-MS00370_TR12_756_Lit,5.0,8.0,1,2022.0,7.0,0073-MS00370_TR12,39.9505426,9.94485983,Sardegna,0.0,0.0,inf
0073-MS00370_TR12_757_Lit,5.0,8.0,1,2022.0,7.0,0073-MS00370_TR12,39.9505426,9.94485983,Sardegna,0.0,0.0,inf
0073-MS00370_TR12_BEG,,,1,2023.0,7.0,0073-MS00370_TR12,39.9505426,9.94485983,Sardegna,0.0,,
0073-MS00370_TR12_END,,,1,2023.0,7.0,0073-MS00370_TR12,39.9505426,9.94485983,Sardegna,0.0,,
0073-MS00370_TR12_T769_LIT,5.0,8.0,1,2022.0,11.0,0073-MS00370_TR12,39.9505426,9.94485983,Sardegna,0.0,0.0,inf
0073-MS00370_TR12_T772_Lit,5.0,8.0,1,2023.0,2.0,0073-MS00370,,,,0.0,0.0,inf
0073-MS00370_TR12_T773_Lit,5.0,8.0,1,2023.0,2.0,0073-MS00370,,,,0.0,0.0,inf
0073-MS00370_TR12_T774_Lit,5.0,8.0,1,2023.0,2.0,0073-MS00370,,,,0.0,0.0,inf
0073-MS00370_TR12_T775_Lit,5.0,8.0,1,2023.0,2.0,0073-MS00370,,,,0.0,0.0,inf
0073-MS00370_TR12_T776_Lit,5.0,8.0,1,2023.0,2.0,0073-MS00370,,,,0.0,0.0,inf
0073-MS00370_TR12_T777_Lit,5.0,8.0,1,2023.0,2.0,0073-MS00370,,,,0.0,0.0,inf
0073-MS00370_TR12_T781_LIT,5.0,8.0,1,2023.0,3.0,0073-MS00370_TR12,39.9505426,9.94485983,Sardegna,0.0,0.0,inf
0073-MS00370_TR12_T782_LIT,5.0,8.0,1,2023.0,3.0,0073-MS00370_TR12,39.9505426,9.94485983,Sardegna,0.0,0.0,inf
0073-MS00370_TR12_T783_LIT,5.0,8.0,1,2023.0,3.0,0073-MS00370_TR12,39.9505426,9.94485983,Sardegna,0.0,0.0,inf
0073-MS00370_TR12_T784_LIT,5.0,8.0,1,2023.0,3.0,0073-MS00370_TR12,39.9505426,9.94485983,Sardegna,0.0,0.0,inf
0073-MS00370_TR12_T785_LIT,5.0,8.0,1,2023.0,3.0,0073-MS00370_TR12,39.9505426,9.94485983,Sardegna,0.0,0.0,inf
0073-MS00370_TR12_T800_LIT,5.0,8.0,1,2023.0,3.0,0073-MS00370_TR12,39.9505426,9.94485983,Sardegna,0.0,0.0,inf
0073-MS00370_TR12_T809_LIT,5.0,8.0,1,2023.0,3.0,0073-MS00370_TR12,39.9505426,9.94485983,Sardegna,0.0,0.0,inf
0073-MS00370_TR12_T811_LIT,5.0,8.0,1,2023.0,3.0,0073-MS00370_TR12,39.9505426,9.94485983,Sardegna,0.0,0.0,inf
0073-MS00370_TR12_T813_LIT,5.0,8.0,1,2023.0,3.0,0073-MS00370_TR12,39.9505426,9.94485983,Sardegna,0.0,0.0,inf
0073-MS00370_TR12_T817_LIT,5.0,8.0,1,2023.0,3.0,0073-MS00370_TR12,39.9505426,9.94485983,Sardegna,0.0,0.0,inf
0073-MS00370_TR12_T818_LIT,5.0,8.0,1,2023.0,3.0,0073-MS00370_TR12,39.9505426,9.94485983,Sardegna,0.0,0.0,inf
0073-MS00370_TR12_T819_LIT,5.0,8.0,1,2023.0,3.0,0073-MS00370_TR12,39.9505426,9.94485983,Sardegna,0.0,0.0,inf
0073-MS00370_TR12_T822_LIT,5.0,8.0,1,2023.0,3.0,0073-MS00370_TR12,39.9505426,9.94485983,Sardegna,0.0,0.0,inf
0073-MS00370_TR12_T825_LIT,5.0,8.0,1,2023.0,3.0,0073-MS00370_TR12,39.9505426,9.94485983,Sardegna,0.0,0.0,inf
0073-MS00370_TR12_T912_LIT,50.0,8.0,1,2023.0,5.0,0073-MS00370_TR12,39.9505426,9.94485983,Sardegna,0.0,0.0,inf
0073-MS00370_TR12_T920_LIT,50.0,8.0,1,2023.0,5.0,0073-MS00370_TR12,39.9505426,9.94485983,Sardegna,0.0,0.0,inf
0073-MS00370_TR12_T930_LIT,50.0,8.0,1,2023.0,5.0,0073-MS00370_TR12,39.9505426,9.94485983,Sardegna,0.0,0.0,inf
0073-MS00370_TR12_T931_LIT,50.0,8.0,1,2023.0,5.0,0073-MS00370_TR12,39.9505426,9.94485983,Sardegna,0.0,0.0,inf
0073-MS00370_TR12_T936_LIT,50.0,8.0,1,2023.0,5.0,0073-MS00370_TR12,39.9505426,9.94485983,Sardegna,0.0,0.0,inf
0073-MS00370_TR12_T937_LIT,50.0,8.0,1,2023.0,5.0,0073-MS00370_TR12,39.9505426,9.94485983,Sardegna,0.0,0.0,inf
0073-MS00370_TR12_T938_LIT,50.0,8.0,1,2023.0,5.0,0073-MS00370_TR12,39.9505426,9.94485983,Sardegna,0.0,0.0,inf
0073-MS00370_TR12_T939_LIT,50.0,8.0,1,2023.0,5.0,0073-MS00370_TR12,39.9505426,9.94485983,Sardegna,0.0,0.0,inf
0073-MS00370_TR12_T940_LIT,50.0,8.0,1,2023.0,5.0,0073-MS00370_TR12,39.9505426,9.94485983,Sardegna,0.0,0.0,inf
0073-MS00370_TR12_T942_LIT,50.0,8.0,1,2023.0,5.0,0073-MS00370_TR12,39.9505426,9.94485983,Sardegna,0.0,0.0,inf
0073-MS00370_TR12_T943_LIT,50.0,8.0,1,2023.0,5.0,0073-MS00370_TR12,39.9505426,9.94485983,Sardegna,0.0,0.0,inf
0073-MS00370_TR12_T947_LIT,50.0,8.0,1,2023.0,7.0,0073-MS00370_TR12,39.9505426,9.94485983,Sardegna,0.0,0.0,inf
0073-MS00370_TR12_T948_LIT,50.0,8.0,1,2023.0,7.0,0073-MS00370_TR12,39.9505426,9.94485983,Sardegna,0.0,0.0,inf
0073-MS00370_TR12_T949_LIT,50.0,8.0,1,2023.0,7.0,0073-MS00370_TR12,39.9505426,9.94485983,Sardegna,0.0,0.0,inf
0073-MS00370_TR12_T950_LIT,50.0,8.0,2,2023.0,7.0,0073-MS00370_TR12,39.9505426,9.94485983,Sardegna,0.0,0.0,inf
0073-MS00370_TR12_T951_LIT,50.0,8.0,1,2023.0,7.0,0073-MS00370_TR12,39.9505426,9.94485983,Sardegna,0.0,0.0,inf
0073-MS00370_TR12_T952_LIT,50.0,8.0,1,2023.0,7.0,0073-MS00370_TR12,39.9505426,9.94485983,Sardegna,0.0,0.0,inf
0073-MS00370_TR12_T955_LIT,50.0,8.0,1,2023.0,9.0,0073-MS00370_TR12,39.9505426,9.94485983,Sardegna,0.0,0.0,inf
0073-MS00370_TR12_T956_LIT,50.0,8.0,1,2023.0,9.0,0073-MS00370_TR12,39.9505426,9.94485983,Sardegna,0.0,0.0,inf
0073-MS00370_TR12_T957_LIT,50.0,8.0,1,2023.0,9.0,0073-MS00370_TR12,39.9505426,9.94485983,Sardegna,0.0,0.0,inf
0073-MS00370_TR12_T958_LIT,50.0,8.0,1,2023.0,9.0,0073-MS00370_TR12,39.9505426,9.94485983,Sardegna,0.0,0.0,inf
0073-MS00370_TR12_T959_LIT,50.0,8.0,1,2023.0,9.0,0073-MS00370_TR12,39.9505426,9.94485983,Sardegna,0.0,0.0,inf
0073-MS00370_TR12_T960_LIT,50.0,8.0,1,2023.0,9.0,0073-MS00370_TR12,39.9505426,9.94485983,Sardegna,0.0,0.0,inf
0073-MS00370_TR12_T961_LIT,50.0,8.0,1,2023.0,9.0,0073-MS00370_TR12,39.9505426,9.94485983,Sardegna,0.0,0.0,inf
0073-MS00370_TR12_T962_LIT,50.0,8.0,1,2023.0,9.0,0073-MS00370_TR12,39.9505426,9.94485983,Sardegna,0.0,0.0,inf
0073-MS00370_TR12_T963_LIT,50.0,8.0,1,2023.0,9.0,0073-MS00370_TR12,39.9505426,9.94485983,Sardegna,0.0,0.0,inf
0073-MS00370_TR12_T964_LIT,50.0,8.0,1,2023.0,9.0,0073-MS00370_TR12,39.9505426,9.94485983,Sardegna,0.0,0.0,inf
0073-MS00370_TR12_T966_LIT,50.0,8.0,1,2023.0,9.0,0073-MS00370_TR12,39.9505426,9.94485983,Sardegna,0.0,0.0,inf
0073-MS00370_TR12_T967_LIT,50.0,8.0,1,2023.0,9.0,0073-MS00370_TR12,39.9505426,9.94485983,Sardegna,0.0,0.0,inf
0073-MS00370_TR12_T968_LIT,50.0,8.0,1,2023.0,9.0,0073-MS00370_TR12,39.9505426,9.94485983,Sardegna,0.0,0.0,inf
0073-MS00370_TR12_T969_LIT,50.0,8.0,1,2023.0,9.0,0073-MS00370_TR12,39.9505426,9.94485983,Sardegna,0.0,0.0,inf
0073-MS00370_TR12_T970_LIT,50.0,8.0,1,2023.0,9.0,0073-MS00370_TR12,39.9505426,9.94485983,Sardegna,0.0,0.0,inf
0073-MS00370_TR12_T971_LIT,50.0,8.0,1,2023.0,9.0,0073-MS00370_TR12,39.9505426,9.94485983,Sardegna,0.0,0.0,inf
0073-MS00370_TR12_T972_LIT,50.0,8.0,1,2023.0,9.0,0073-MS00370_TR12,39.9505426,9.94485983,Sardegna,0.0,0.0,inf
0073-MS00370_TR12_T973_LIT,50.0,8.0,1,2023.0,9.0,0073-MS00370_TR12,39.9505426,9.94485983,Sardegna,0.0,0.0,inf
0073-MS00370_TR12_T974_LIT,50.0,8.0,1,2023.0,9.0,0073-MS00370_TR12,39.9505426,9.94485983,Sardegna,0.0,0.0,inf
0073-MS00370_TR12_T975_BEG,50.0,8.0,1,2023.0,11.0,0073-MS00370_TR12,39.9505426,9.94485983,Sardegna,0.0,0.0,inf
0073-MS00370_TR12_T975_LIT,50.0,8.0,1,2023.0,9.0,0073-MS00370_TR12,39.9505426,9.94485983,Sardegna,0.0,0.0,inf
0073-MS00370_TR12_T976_LIT,50.0,8.0,1,2023.0,11.0,0073-MS00370_TR12,39.9505426,9.94485983,Sardegna,0.0,0.0,inf
0073-MS00370_TR12_T977_LIT,50.0,8.0,1,2023.0,11.0,0073-MS00370_TR12,39.9505426,9.94485983,Sardegna,0.0,0.0,inf
0073-MS00370_TR12_T978_LIT,50.0,8.0,1,2023.0,11.0,0073-MS00370_TR12,39.9505426,9.94485983,Sardegna,0.0,0.0,inf
0073-MS00370_TR12_T979_LIT,50.0,8.0,1,2023.0,11.0,0073-MS00370_TR12,39.9505426,9.94485983,Sardegna,0.0,0.0,inf
0073-MS00370_TR12_T980_LIT,50.0,8.0,1,2023.0,11.0,0073-MS00370_TR12,39.9505426,9.94485983,Sardegna,0.0,0.0,inf
0073-MS00370_TR12_T981_LIT,50.0,8.0,1,2023.0,11.0,0073-MS00370_TR12,39.9505426,9.94485983,Sardegna,0.0,0.0,inf
0073-MS00370_TR12_T982_LIT,50.0,8.0,1,2023.0,11.0,0073-MS00370_TR12,39.9505426,9.94485983,Sardegna,0.0,0.0,inf
0073-MS00370_TR12_T983_LIT,50.0,8.0,1,2023.0,11.0,0073-MS00370_TR12,39.9505426,9.94485983,Sardegna,0.0,0.0,inf
0073-MS00370_TR12_T984_LIT,50.0,8.0,1,2023.0,11.0,0073-MS00370_TR12,39.9505426,9.94485983,Sardegna,0.0,0.0,inf
0073-MS00370_TR12_T985_END,50.0,8.0,1,2023.0,11.0,0073-MS00370_TR12,39.9505426,9.94485983,Sardegna,0.0,0.0,inf
0073-MS00370_TR12_T986_BEG,50.0,8.0,1,2023.0,11.0,0073-MS00370_TR12,39.9505426,9.94485983,Sardegna,0.0,0.0,inf
0073-MS00370_TR12_T987_LIT,50.0,8.0,1,2023.0,11.0,0073-MS00370_TR12,39.9505426,9.94485983,Sardegna,0.0,0.0,inf
0073-MS00370_TR12_T988_END,50.0,8.0,1,2023.0,11.0,0073-MS00370_TR12,39.9505426,9.94485983,Sardegna,0.0,0.0,inf
0129-MS00730_TR06_349_LIT,5.0,11.0,1,2021.0,3.0,0129-MS00730_TR06,40.993467,9.67835,Sardegna,0.0,0.0,inf
0129-MS00730_TR06_439_LIT,5.0,7.0,1,2021.0,4.0,0129-MS00730_TR06,40.993467,9.67835,Sardegna,0.0,0.0,inf
0129-MS00730_TR06_504_LIT,5.0,10.0,1,2021.0,9.0,0129-MS00730_TR06,40.993467,9.67835,Sardegna,0.0,0.0,inf
0129-MS00730_TR06_505_LIT,5.0,10.0,1,2021.0,9.0,0129-MS00730_TR06,40.993467,9.67835,Sardegna,0.0,0.0,inf
0129-MS00730_TR06_616_Lit,5.0,7.0,1,2022.0,8.0,0129-MS00730_TR06,40.99346666666667,9.67835,Sardegna,0.0,0.0,inf
0129-MS00730_TR06_618_Lit,5.0,7.0,1,2022.0,8.0,0129-MS00730_TR06,40.99346666666667,9.67835,Sardegna,0.0,0.0,inf
0129-MS00730_TR06_623_Lit,5.0,7.0,1,2022.0,8.0,0129-MS00730_TR06,40.99346666666667,9.67835,Sardegna,0.0,0.0,inf
0129-MS00730_TR06_63_END,25.0,8.0,1,2023.0,9.0,0129-MS00730_TR06,40.99347,9.67836,Sardegna,0.0,0.0,inf
0129-MS00730_TR06_790_LIT,50.0,8.0,1,2023.0,5.0,0129-MS00730_TR06,40.99346666666667,9.67835,Sardegna,0.0,0.0,inf
0129-MS00730_TR12_350_LIT,5.0,11.0,1,2021.0,3.0,0129-MS00730_TR12,41.055417,9.782383333,Sardegna,0.0,0.0,inf
0129-MS00730_TR12_436_LIT,5.0,7.0,1,2021.0,4.0,0129-MS00730_TR12,41.055417,9.782383333,Sardegna,0.0,0.0,inf
0129-MS00730_TR12_498_LIT,5.0,10.0,1,2021.0,9.0,0129-MS00730_TR12,41.055417,9.782383333,Sardegna,0.0,0.0,inf
0129-MS00730_TR12_499_LIT,5.0,10.0,1,2021.0,9.0,0129-MS00730_TR12,41.055417,9.782383333,Sardegna,0.0,0.0,inf
0129-MS00730_TR12_500_LIT,5.0,10.0,1,2021.0,9.0,0129-MS00730_TR12,41.055417,9.782383333,Sardegna,0.0,0.0,inf
0129-MS00730_TR12_501_LIT,5.0,10.0,4,2021.0,9.0,0129-MS00730_TR12,41.055417,9.782383333,Sardegna,0.0,0.0,inf
0129-MS00730_TR12_502_LIT,5.0,10.0,1,2021.0,9.0,0129-MS00730_TR12,41.055417,9.782383333,Sardegna,0.0,0.0,inf
0129-MS00730_TR12_503_LIT,5.0,10.0,1,2021.0,9.0,0129-MS00730_TR12,41.055417,9.782383333,Sardegna,0.0,0.0,inf
0129-MS00730_TR12_538_LIT,5.0,6.0,1,2022.0,1.0,0129-MS00730_TR12,41.055417,9.78238333,Sardegna,0.0,0.0,inf
0129-MS00730_TR12_540_LIT,5.0,6.0,1,2022.0,1.0,0129-MS00730_TR12,41.055417,9.78238333,Sardegna,0.0,0.0,inf
0129-MS00730_TR12_541_LIT,5.0,6.0,1,2022.0,1.0,0129-MS00730_TR12,41.055417,9.78238333,Sardegna,0.0,0.0,inf
0129-MS00730_TR12_55_BEG,25.0,8.0,1,2023.0,9.0,0129-MS00730_TR12,41.05542,9.78239,Sardegna,0.0,0.0,inf
0129-MS00730_TR12_55_LIT,25.0,8.0,1,2023.0,9.0,0129-MS00730_TR12,41.05542,9.78239,Sardegna,0.0,0.0,inf
0129-MS00730_TR12_568_LIT,25.0,7.0,1,2022.0,3.0,0129-MS00730_TR12,41.055417,9.78238333,Sardegna,0.0,0.0,inf
0129-MS00730_TR12_569_LIT,25.0,7.0,1,2022.0,3.0,0129-MS00730_TR12,41.055417,9.78238333,Sardegna,0.0,0.0,inf
0129-MS00730_TR12_570_LIT,25.0,7.0,1,2022.0,3.0,0129-MS00730_TR12,41.055417,9.78238333,Sardegna,0.0,0.0,inf
0129-MS00730_TR12_572_LIT,25.0,7.0,1,2022.0,3.0,0129-MS00730_TR12,41.055417,9.78238333,Sardegna,0.0,0.0,inf
0129-MS00730_TR12_574_LIT,25.0,7.0,1,2022.0,3.0,0129-MS00730_TR12,41.055417,9.78238333,Sardegna,0.0,0.0,inf
0129-MS00730_TR12_575_LIT,25.0,7.0,1,2022.0,3.0,0129-MS00730_TR12,41.055417,9.78238333,Sardegna,0.0,0.0,inf
0129-MS00730_TR12_576_LIT,25.0,7.0,1,2022.0,3.0,0129-MS00730_TR12,41.055417,9.78238333,Sardegna,0.0,0.0,inf
0129-MS00730_TR12_579_LIT,25.0,7.0,1,2022.0,3.0,0129-MS00730_TR06,40.993467,9.67835,Sardegna,0.0,0.0,inf
0129-MS00730_TR12_786_LIT,50.0,8.0,1,2023.0,5.0,0129-MS00730_TR12,41.055416666666666,9.782383333333334,Sardegna,0.0,0.0,inf
0129-MS00730_TR12_787_LIT,50.0,8.0,1,2023.0,5.0,0129-MS00730_TR12,41.055416666666666,9.782383333333334,Sardegna,0.0,0.0,inf
0129-MS00730_TR12_A011_BEG,,,1,2023.0,8.0,0129-MS00730_TR12,41.05542,9.78239,Sardegna,0.0,,
0129-MS00730_TR12_A012_LIT,25.0,8.0,1,2023.0,8.0,0129-MS00730_TR12,41.05542,9.78239,Sardegna,0.0,0.0,inf
0129-MS00730_TR12_A014_LIT,25.0,8.0,1,2023.0,8.0,0129-MS00730_TR12,41.05542,9.78239,Sardegna,0.0,0.0,inf
0129-MS00730_TR12_A015_LIT,25.0,8.0,1,2023.0,8.0,0129-MS00730_TR12,41.05542,9.78239,Sardegna,0.0,0.0,inf
0129-MS00730_TR12_A017_LIT,25.0,8.0,1,2023.0,8.0,0129-MS00730_TR12,41.05542,9.78239,Sardegna,0.0,0.0,inf
0129-MS00730_TR12_A018_LIT,25.0,8.0,1,2023.0,8.0,0129-MS00730_TR12,41.05542,9.78239,Sardegna,0.0,0.0,inf
0129-MS00730_TR12_A020_LIT,25.0,8.0,1,2023.0,8.0,0129-MS00730_TR12,41.05542,9.78239,Sardegna,0.0,0.0,inf
0129-MS00730_TR12_A021_END,,,1,2023.0,8.0,0129-MS00730_TR12,41.05542,9.78239,Sardegna,0.0,,
0182-MS01070_A683_LIT,25.0,6.0,1,2022.0,11.0,0182-MS01070_TR12,41.03703333333333,8.421433333333333,Sardegna,0.0,0.0,inf
0182-MS01070_A684_LIT,25.0,6.0,1,2022.0,11.0,0182-MS01070_TR12,41.03703333333333,8.421433333333333,Sardegna,0.0,0.0,inf
0182-MS01070_A685_LIT,25.0,6.0,1,2022.0,11.0,0182-MS01070_TR12,41.03703333333333,8.421433333333333,Sardegna,0.0,0.0,inf
0182-MS01070_A691_Lit,5.0,7.5,1,2023.0,2.0,0182-MS01070_TR12,41.03703333333333,8.421433333333333,Sardegna,0.0,0.0,inf
0182-MS01070_TR06_529_LIT,5.0,7.5,1,2021.0,11.0,0182-MS01070_TR06,40.9376,8.402183333,Sardegna,0.0,0.0,inf
0182-MS01070_TR06_53_LIT,25.0,6.0,1,2023.0,9.0,0182-MS01070_TR06,40.9376,8.402183,Sardegna,0.0,0.0,inf
0182-MS01070_TR06_603_Lit,5.0,6.0,1,2022.0,7.0,0182-MS01070_TR06,40.9376,8.402183333333333,Sardegna,0.0,0.0,inf
0182-MS01070_TR06_604_Lit,5.0,6.0,1,2022.0,7.0,0182-MS01070_TR06,40.9376,8.402183333333333,Sardegna,0.0,0.0,inf
0182-MS01070_TR06_605_Lit,5.0,6.0,1,2022.0,7.0,0182-MS01070_TR06,40.9376,8.402183333333333,Sardegna,0.0,0.0,inf
0182-MS01070_TR06_606_Lit,5.0,6.0,1,2022.0,7.0,0182-MS01070_TR06,40.9376,8.402183333333333,Sardegna,0.0,0.0,inf
0182-MS01070_TR06_607_Lit,5.0,6.0,1,2022.0,7.0,0182-MS01070_TR06,40.9376,8.402183333333333,Sardegna,0.0,0.0,inf
0182-MS01070_TR06_608_Lit,5.0,6.0,1,2022.0,7.0,0182-MS01070_TR06,40.9376,8.402183333333333,Sardegna,0.0,0.0,inf
0182-MS01070_TR06_609_Lit,5.0,6.0,1,2022.0,7.0,0182-MS01070_TR06,40.9376,8.402183333333333,Sardegna,0.0,0.0,inf
0182-MS01070_TR06_610_Lit,5.0,6.0,1,2022.0,7.0,0182-MS01070_TR06,40.9376,8.402183333333333,Sardegna,0.0,0.0,inf
0182-MS01070_TR06_611_Lit,5.0,6.0,1,2022.0,7.0,0182-MS01070_TR06,40.9376,8.402183333333333,Sardegna,0.0,0.0,inf
0182-MS01070_TR06_612_Lit,5.0,6.0,1,2022.0,7.0,0182-MS01070_TR06,40.9376,8.402183333333333,Sardegna,0.0,0.0,inf
0182-MS01070_TR06_613_Lit,5.0,6.0,1,2022.0,7.0,0182-MS01070_TR06,40.9376,8.402183333333333,Sardegna,0.0,0.0,inf
0182-MS01070_TR06_614_Lit,5.0,6.0,1,2022.0,7.0,0182-MS01070_TR06,40.9376,8.402183333333333,Sardegna,0.0,0.0,inf
0182-MS01070_TR06_615_Lit,5.0,6.0,1,2022.0,7.0,0182-MS01070_TR06,40.9376,8.402183333333333,Sardegna,0.0,0.0,inf
0182-MS01070_TR06_779_LIT,50.0,6.0,1,2023.0,5.0,0182-MS01070_TR06,40.9376,8.402183333333333,Sardegna,0.0,0.0,inf
0182-MS01070_TR06_783_LIT,50.0,6.0,1,2023.0,5.0,0182-MS01070_TR06,40.9376,8.402183333333333,Sardegna,0.0,0.0,inf
0182-MS01070_TR12_38_BEG,25.0,6.0,1,2023.0,9.0,0182-MS01070_TR12,41.03703333333333,8.421433333333333,Sardegna,0.0,0.0,inf
0182-MS01070_TR12_39_LIT,25.0,6.0,1,2023.0,9.0,0182-MS01070_TR12,41.03703333333333,8.421433333333333,Sardegna,0.0,0.0,inf
0182-MS01070_TR12_41_LIT,25.0,6.0,1,2023.0,9.0,0182-MS01070_TR12,41.03703333333333,8.421433333333333,Sardegna,0.0,0.0,inf
0182-MS01070_TR12_42_LIT,25.0,6.0,1,2023.0,9.0,0182-MS01070_TR12,41.03703333333333,8.421433333333333,Sardegna,0.0,0.0,inf
0182-MS01070_TR12_45_LIT,25.0,6.0,1,2023.0,9.0,0182-MS01070_TR12,41.03703333333333,8.421433333333333,Sardegna,0.0,0.0,inf
0182-MS01070_TR12_47_LIT,25.0,6.0,1,2023.0,9.0,0182-MS01070_TR12,41.03703333333333,8.421433333333333,Sardegna,0.0,0.0,inf
0182-MS01070_TR12_481_LIT,5.0,6.0,1,2021.0,6.0,0182-MS01070_TR12,41.037033,8.421433333,Sardegna,0.0,0.0,inf
0182-MS01070_TR12_484_LIT,5.0,9.0,1,2021.0,7.0,0182-MS01070_TR12,41.037033,8.421433333,Sardegna,0.0,0.0,inf
0182-MS01070_TR12_48_LIT,25.0,6.0,1,2023.0,9.0,0182-MS01070_TR12,41.03703333333333,8.421433333333333,Sardegna,0.0,0.0,inf
0182-MS01070_TR12_524_LIT,5.0,7.5,1,2021.0,11.0,0182-MS01070_TR12,41.037033,8.421433333,Sardegna,0.0,0.0,inf
0182-MS01070_TR12_525_LIT,5.0,7.5,1,2021.0,11.0,0182-MS01070_TR12,41.037033,8.421433333,Sardegna,0.0,0.0,inf
0182-MS01070_TR12_527_LIT,5.0,7.5,1,2021.0,11.0,0182-MS01070_TR12,41.037033,8.421433333,Sardegna,0.0,0.0,inf
0182-MS01070_TR12_586_LIT,25.0,6.0,1,2022.0,5.0,0182-MS01070_TR12,41.03703333333333,8.421433333333333,Sardegna,0.0,0.0,inf
0182-MS01070_TR12_587_LIT,25.0,6.0,1,2022.0,5.0,0182-MS01070_TR12,41.03703333333333,8.421433333333333,Sardegna,0.0,0.0,inf
0182-MS01070_TR12_588_LIT,25.0,6.0,1,2022.0,5.0,0182-MS01070_TR12,41.03703333333333,8.421433333333333,Sardegna,0.0,0.0,inf
0182-MS01070_TR12_593_LIT,25.0,6.0,1,2022.0,5.0,0182-MS01070_TR12,41.03703333333333,8.421433333333333,Sardegna,0.0,0.0,inf
0182-MS01070_TR12_A744_LIT,25.0,6.0,1,2023.0,3.0,0182-MS01070_TR12,41.03703333333333,8.421433333333333,Sardegna,0.0,0.0,inf
0182-MS01070_TR12_A772_LIT,25.0,6.0,1,2023.0,3.0,0182-MS01070_TR12,41.03703333333333,8.421433333333333,Sardegna,0.0,0.0,inf
0182-MS01070_TR12_A773_LIT,25.0,6.0,1,2023.0,3.0,0182-MS01070_TR12,41.03703333333333,8.421433333333333,Sardegna,0.0,0.0,inf
0182-MS01070_TR12_A802_LIT,25.0,7.0,1,2023.0,8.0,0182-MS01070_TR12,41.03703333333333,8.421433333333333,Sardegna,0.0,0.0,inf
0182-MS01070_TR12_A803_END,,,1,2023.0,8.0,0182-MS01070_TR12,41.03703333333333,8.421433333333333,Sardegna,0.0,,
0182-MS01070_TR12_BEG,,,1,2023.0,8.0,0182-MS01070_TR12,41.03703333333333,8.421433333333333,Sardegna,0.0,,
0192-MS01200_A072_BEG,50.0,7.0,1,2023.0,12.0,0192-MS01200_TR12,40.4171666666667,8.12245,Sardegna,0.0,0.0,inf
0192-MS01200_A073_LIT,50.0,7.0,1,2023.0,12.0,0192-MS01200_TR12,40.4171666666667,8.12245,Sardegna,0.0,0.0,inf
0192-MS01200_A074_LIT,50.0,7.0,1,2023.0,12.0,0192-MS01200_TR12,40.4171666666667,8.12245,Sardegna,0.0,0.0,inf
0192-MS01200_A075_LIT,50.0,7.0,1,2023.0,12.0,0192-MS01200_TR12,40.4171666666667,8.12245,Sardegna,0.0,0.0,inf
0192-MS01200_A076_LIT,50.0,7.0,1,2023.0,12.0,0192-MS01200_TR12,40.4171666666667,8.12245,Sardegna,0.0,0.0,inf
0192-MS01200_A077_LIT,50.0,7.0,2,2023.0,12.0,0192-MS01200_TR12,40.4171666666667,8.12245,Sardegna,0.0,0.0,inf
0192-MS01200_A078_LIT,50.0,7.0,1,2023.0,12.0,0192-MS01200_TR12,40.4171666666667,8.12245,Sardegna,0.0,0.0,inf
0192-MS01200_A079_LIT,50.0,7.0,1,2023.0,12.0,0192-MS01200_TR12,40.4171666666667,8.12245,Sardegna,0.0,0.0,inf
0192-MS01200_A080_LIT,50.0,7.0,1,2023.0,12.0,0192-MS01200_TR12,40.4171666666667,8.12245,Sardegna,0.0,0.0,inf
0192-MS01200_A081_LIT,50.0,7.0,1,2023.0,12.0,0192-MS01200_TR12,40.4171666666667,8.12245,Sardegna,0.0,0.0,inf
0192-MS01200_A082_LIT,50.0,7.0,1,2023.0,12.0,0192-MS01200_TR12,40.4171666666667,8.12245,Sardegna,0.0,0.0,inf
0192-MS01200_A083_LIT,50.0,7.0,1,2023.0,12.0,0192-MS01200_TR12,40.4171666666667,8.12245,Sardegna,0.0,0.0,inf
0192-MS01200_A084_END,50.0,7.0,1,2023.0,12.0,0192-MS01200_TR12,40.4171666666667,8.12245,Sardegna,0.0,0.0,inf
0192-MS01200_Aalghero 12Mn_LIT,25.0,6.0,1,2022.0,11.0,0192-MS01200_TR12,40.41716666666667,8.12245,Sardegna,0.0,0.0,inf
0192-MS01200_TR06_36_LIT,25.0,7.0,1,2023.0,9.0,0192-MS01200_TR06,40.486933,8.21605,Sardegna,0.0,0.0,inf
0192-MS01200_TR06_37_END,25.0,7.0,1,2023.0,9.0,0192-MS01200_TR06,40.486933,8.21605,Sardegna,0.0,0.0,inf
0192-MS01200_TR06_537_LIT,5.0,8.5,1,2021.0,12.0,0192-MS01200_TR06,40.486933,8.21605,Sardegna,0.0,0.0,inf
0192-MS01200_TR06_546_LIT,5.0,7.0,1,2022.0,1.0,0192-MS01200_TR06,40.486933,8.21605,Sardegna,0.0,0.0,inf
0192-MS01200_TR06_600_Lit,5.0,6.0,1,2022.0,7.0,0192-MS01200_TR06,40.48693333333333,8.21605,Sardegna,0.0,0.0,inf
0192-MS01200_TR06_601_Lit,5.0,6.0,1,2022.0,7.0,0192-MS01200_TR06,40.48693333333333,8.21605,Sardegna,0.0,0.0,inf
0192-MS01200_TR06_602_Lit,5.0,6.0,1,2022.0,7.0,0192-MS01200_TR06,40.48693333333333,8.21605,Sardegna,0.0,0.0,inf
0192-MS01200_TR06_795_LIT,50.0,8.5,1,2023.0,6.0,0192-MS01200_TR06,40.486933,8.21605,Sardegna,0.0,0.0,inf
0192-MS01200_TR06_A731_LIT,25.0,6.0,1,2023.0,3.0,0192-MS01200_TR06,40.486933,8.21605,Sardegna,0.0,0.0,inf
0192-MS01200_TR06_A732_LIT,25.0,6.0,1,2023.0,3.0,0192-MS01200_TR06,40.486933,8.21605,Sardegna,0.0,0.0,inf
0192-MS01200_TR06_A734_LIT,25.0,6.0,1,2023.0,3.0,0192-MS01200_TR06,40.486933,8.21605,Sardegna,0.0,0.0,inf
0192-MS01200_TR06_A735_LIT,25.0,6.0,1,2023.0,3.0,0192-MS01200_TR06,40.486933,8.21605,Sardegna,0.0,0.0,inf
0192-MS01200_TR12_23_BEG,25.0,7.0,1,2023.0,9.0,0192-MS01200_TR12,40.4171666666667,8.12245,Sardegna,0.0,0.0,inf
0192-MS01200_TR12_24_LIT,25.0,7.0,1,2023.0,9.0,0192-MS01200_TR12,40.4171666666667,8.12245,Sardegna,0.0,0.0,inf
0192-MS01200_TR12_25_LIT,25.0,7.0,1,2023.0,9.0,0192-MS01200_TR12,40.4171666666667,8.12245,Sardegna,0.0,0.0,inf
0192-MS01200_TR12_26_LIT,25.0,7.0,1,2023.0,9.0,0192-MS01200_TR12,40.4171666666667,8.12245,Sardegna,0.0,0.0,inf
0192-MS01200_TR12_27_LIT,25.0,7.0,1,2023.0,9.0,0192-MS01200_TR12,40.4171666666667,8.12245,Sardegna,0.0,0.0,inf
0192-MS01200_TR12_28_LIT,25.0,7.0,1,2023.0,9.0,0192-MS01200_TR12,40.4171666666667,8.12245,Sardegna,0.0,0.0,inf
0192-MS01200_TR12_29_LIT,25.0,7.0,1,2023.0,9.0,0192-MS01200_TR12,40.4171666666667,8.12245,Sardegna,0.0,0.0,inf
0192-MS01200_TR12_30_LIT,25.0,7.0,1,2023.0,9.0,0192-MS01200_TR12,40.4171666666667,8.12245,Sardegna,0.0,0.0,inf
0192-MS01200_TR12_31_LIT,25.0,7.0,1,2023.0,9.0,0192-MS01200_TR12,40.4171666666667,8.12245,Sardegna,0.0,0.0,inf
0192-MS01200_TR12_32_LIT,25.0,7.0,1,2023.0,9.0,0192-MS01200_TR12,40.4171666666667,8.12245,Sardegna,0.0,0.0,inf
0192-MS01200_TR12_33_LIT,25.0,7.0,1,2023.0,9.0,0192-MS01200_TR12,40.4171666666667,8.12245,Sardegna,0.0,0.0,inf
0192-MS01200_TR12_34_LIT,25.0,7.0,1,2023.0,9.0,0192-MS01200_TR12,40.4171666666667,8.12245,Sardegna,0.0,0.0,inf
0192-MS01200_TR12_456_LIT,5.0,7.0,1,2021.0,6.0,0192-MS01200_TR12,40.417167,8.12245,Sardegna,0.0,0.0,inf
0192-MS01200_TR12_457_LIT,5.0,7.0,1,2021.0,6.0,0192-MS01200_TR12,40.417167,8.12245,Sardegna,0.0,0.0,inf
0192-MS01200_TR12_482_LIT,5.0,9.0,1,2021.0,7.0,0192-MS01200_TR12,40.417167,8.12245,Sardegna,0.0,0.0,inf
0192-MS01200_TR12_483_LIT,5.0,9.0,1,2021.0,7.0,0192-MS01200_TR12,40.417167,8.12245,Sardegna,0.0,0.0,inf
0192-MS01200_TR12_490_LIT,5.0,8.0,1,2021.0,9.0,0192-MS01200_TR12,40.417167,8.12245,Sardegna,0.0,0.0,inf
0192-MS01200_TR12_491_LIT,5.0,8.0,1,2021.0,9.0,0192-MS01200_TR12,40.417167,8.12245,Sardegna,0.0,0.0,inf
0192-MS01200_TR12_492_LIT,5.0,8.0,1,2021.0,9.0,0192-MS01200_TR12,40.417167,8.12245,Sardegna,0.0,0.0,inf
0192-MS01200_TR12_493_LIT,5.0,8.0,1,2021.0,9.0,0192-MS01200_TR12,40.417167,8.12245,Sardegna,0.0,0.0,inf
0192-MS01200_TR12_494_LIT,5.0,8.0,1,2021.0,9.0,0192-MS01200_TR12,40.417167,8.12245,Sardegna,0.0,0.0,inf
0192-MS01200_TR12_530_LIT,25.0,8.5,1,2021.0,12.0,0192-MS01200_TR12,40.417167,8.12245,Sardegna,0.0,0.0,inf
0192-MS01200_TR12_544_LIT,5.0,7.0,1,2022.0,1.0,0192-MS01200_TR12,40.417167,8.12245,Sardegna,0.0,0.0,inf
0192-MS01200_TR12_580_LIT,25.0,6.0,1,2022.0,3.0,0192-MS01200_TR12,40.417167,8.12245,Sardegna,0.0,0.0,inf
0192-MS01200_TR12_581_LIT,25.0,6.0,1,2022.0,3.0,0192-MS01200_TR12,40.417167,8.12245,Sardegna,0.0,0.0,inf
0192-MS01200_TR12_584_LIT,25.0,8.0,1,2022.0,5.0,0192-MS01200_TR12,40.41716666666667,8.12245,Sardegna,0.0,0.0,inf
0192-MS01200_TR12_A001_LIT,25.0,6.0,1,2023.0,8.0,0192-MS01200_TR12,40.41716666666667,8.12245,Sardegna,0.0,0.0,inf
0192-MS01200_TR12_A006_END,,,1,2023.0,8.0,0192-MS01200_TR12,40.41716666666667,8.12245,Sardegna,0.0,,
0192-MS01200_TR12_A385_LIT,5.0,5.0,1,2021.0,4.0,0192-MS01200_TR12,40.417167,8.12245,Sardegna,0.0,0.0,inf
0192-MS01200_TR12_A531_LIT,25.0,8.5,1,2021.0,12.0,0192-MS01200_TR12,40.417167,8.12245,Sardegna,0.0,0.0,inf
0192-MS01200_TR12_A532_LIT,25.0,8.5,1,2021.0,12.0,0192-MS01200_TR12,40.417167,8.12245,Sardegna,0.0,0.0,inf
0192-MS01200_TR12_A533_LIT,25.0,8.5,1,2021.0,12.0,0192-MS01200_TR12,40.417167,8.12245,Sardegna,0.0,0.0,inf
0192-MS01200_TR12_A534_LIT,25.0,8.5,1,2021.0,12.0,0192-MS01200_TR12,40.417167,8.12245,Sardegna,0.0,0.0,inf
0192-MS01200_TR12_A535_LIT,25.0,8.5,1,2021.0,12.0,0192-MS01200_TR12,40.417167,8.12245,Sardegna,0.0,0.0,inf
0192-MS01200_TR12_A536_LIT,25.0,8.5,1,2021.0,12.0,0192-MS01200_TR12,40.417167,8.12245,Sardegna,0.0,0.0,inf
0192-MS01200_TR12_A710_LIT,25.0,6.0,1,2023.0,3.0,0192-MS01200_TR12,40.41716666666667,8.12245,Sardegna,0.0,0.0,inf
0192-MS01200_TR12_A711_LIT,25.0,6.0,1,2023.0,3.0,0192-MS01200_TR12,40.41716666666667,8.12245,Sardegna,0.0,0.0,inf
0192-MS01200_TR12_A712_LIT,25.0,6.0,1,2023.0,3.0,0192-MS01200_TR12,40.41716666666667,8.12245,Sardegna,0.0,0.0,inf
0192-MS01200_TR12_A718_LIT,25.0,6.0,1,2023.0,3.0,0192-MS01200_TR12,40.41716666666667,8.12245,Sardegna,0.0,0.0,inf
0192-MS01200_TR12_A720_LIT,25.0,6.0,1,2023.0,3.0,0192-MS01200_TR12,40.41716666666667,8.12245,Sardegna,0.0,0.0,inf
0192-MS01200_TR12_A721_LIT,25.0,6.0,1,2023.0,3.0,0192-MS01200_TR12,40.41716666666667,8.12245,Sardegna,0.0,0.0,inf
0192-MS01200_TR12_A725_LIT,25.0,6.0,1,2023.0,3.0,0192-MS01200_TR12,40.41716666666667,8.12245,Sardegna,0.0,0.0,inf
0192-MS01200_TR12_A726_LIT,25.0,6.0,1,2023.0,3.0,0192-MS01200_TR12,40.41716666666667,8.12245,Sardegna,0.0,0.0,inf
0192-MS01200_TR12_A729_LIT,25.0,6.0,1,2023.0,3.0,0192-MS01200_TR12,40.41716666666667,8.12245,Sardegna,0.0,0.0,inf
0192-MS01200_TR12_BEG,,,1,2023.0,8.0,0192-MS01200_TR12,40.41716666666667,8.12245,Sardegna,0.0,,
0192-MS01201_TR12_A392_LIT,5.0,5.0,1,2021.0,4.0,0192-MS01200_TR12,40.417167,8.12245,Sardegna,0.0,0.0,inf
0192-MS01202_TR12_A399_LIT,5.0,5.0,1,2021.0,4.0,0192-MS01200_TR12,40.417167,8.12245,Sardegna,0.0,0.0,inf
0192-MS01203_TR12_A401_LIT,5.0,5.0,1,2021.0,4.0,0192-MS01200_TR12,40.417167,8.12245,Sardegna,0.0,0.0,inf
0192-MS01204_TR12_A406_LIT,5.0,5.0,1,2021.0,4.0,0192-MS01200_TR12,40.417167,8.12245,Sardegna,0.0,0.0,inf
0192-MS01205_TR12_A410_LIT,5.0,5.0,1,2021.0,4.0,0192-MS01200_TR12,40.417167,8.12245,Sardegna,0.0,0.0,inf
0192-MS01206_TR12_343_LIT,5.0,7.0,1,2021.0,2.0,0192-MS01200_TR12,40.417167,8.12245,Sardegna,0.0,0.0,inf
0192-MS01206_TR12_344_LIT,5.0,7.0,1,2021.0,2.0,0192-MS01200_TR12,40.417167,8.12245,Sardegna,0.0,0.0,inf
0192-MS01206_TR12_345_LIT,5.0,7.0,1,2021.0,2.0,0192-MS01200_TR12,40.417167,8.12245,Sardegna,0.0,0.0,inf
0192-MS01206_TR12_346_LIT,5.0,7.0,1,2021.0,2.0,0192-MS01200_TR12,40.417167,8.12245,Sardegna,0.0,0.0,inf
0192-MS01206_TR12_A411_LIT,5.0,5.0,1,2021.0,4.0,0192-MS01200_TR12,40.417167,8.12245,Sardegna,0.0,0.0,inf
0192-MS01207_TR06_334_LIT,5.0,7.0,1,2021.0,2.0,0192-MS01200_TR06,40.486933,8.21605,Sardegna,0.0,0.0,inf
0192-MS01207_TR06_335_LIT,5.0,7.0,1,2021.0,2.0,0192-MS01200_TR06,40.486933,8.21605,Sardegna,0.0,0.0,inf
0192-MS01207_TR06_336_LIT,5.0,7.0,1,2021.0,2.0,0192-MS01200_TR06,40.486933,8.21605,Sardegna,0.0,0.0,inf
0192-MS01207_TR06_337_LIT,5.0,7.0,1,2021.0,2.0,0192-MS01200_TR06,40.486933,8.21605,Sardegna,0.0,0.0,inf
0192-MS01207_TR06_339_LIT,5.0,7.0,1,2021.0,2.0,0192-MS01200_TR06,40.486933,8.21605,Sardegna,0.0,0.0,inf
0192-MS01207_TR06_341_LIT,5.0,7.0,1,2021.0,2.0,0192-MS01200_TR06,40.486933,8.21605,Sardegna,0.0,0.0,inf
0192-MS01207_TR06_342_LIT,5.0,7.0,1,2021.0,2.0,0192-MS01200_TR06,40.486933,8.21605,Sardegna,0.0,0.0,inf
0192-MS01207_TR06_413_LIT,5.0,5.0,1,2021.0,4.0,0192-MS01200_TR06,40.486933,8.21605,Sardegna,0.0,0.0,inf
0192-MS01207_TR06_419_LIT,5.0,5.0,1,2021.0,4.0,0192-MS01200_TR06,40.486933,8.21605,Sardegna,0.0,0.0,inf
0222-MS01380_TR06_0001_LIT,5.0,8.0,3,2021.0,7.0,0222-MS01380_TR06,39.825853,8.438476544,Sardegna,0.06666666666666667,0.004938666666666667,607.451403887689
0222-MS01380_TR06_0177_LIT,50.0,6.0,1,2023.0,5.0,0222-MS01380_TR06,39.825853,8.438477,Sardegna,0.0,0.0,inf
0222-MS01380_TR06_0190_BEG,50.0,8.0,1,2023.0,11.0,0222-MS01380_TR06,39.825853,8.43847654,Sardegna,0.0,0.0,inf
0222-MS01380_TR06_0190_LIT,50.0,8.0,1,2023.0,11.0,0222-MS01380_TR06,39.825853,8.43847654,Sardegna,0.0,0.0,inf
0222-MS01380_TR06_0191_LIT,50.0,8.0,1,2023.0,11.0,0222-MS01380_TR06,39.825853,8.43847654,Sardegna,0.0,0.0,inf
0222-MS01380_TR06_0192_LIT,50.0,8.0,1,2023.0,11.0,0222-MS01380_TR06,39.825853,8.43847654,Sardegna,0.0,0.0,inf
0222-MS01380_TR06_0196_LIT,50.0,8.0,1,2023.0,11.0,0222-MS01380_TR06,39.825853,8.43847654,Sardegna,0.0,0.0,inf
0222-MS01380_TR06_0197_END,50.0,8.0,1,2023.0,11.0,0222-MS01380_TR06,39.825853,8.43847654,Sardegna,0.0,0.0,inf
0222-MS01380_TR06_0197_LIT,50.0,8.0,1,2023.0,11.0,0222-MS01380_TR06,39.825853,8.43847654,Sardegna,0.0,0.0,inf
0222-MS01380_TR06_114_LIT,5.0,4.0,1,2022.0,1.0,0222-MS01380_TR06,39.825853,8.43847654,Sardegna,,,
0222-MS01380_TR06_115_LIT,5.0,4.0,1,2022.0,1.0,0222-MS01380_TR06,39.825853,8.43847654,Sardegna,,,
0222-MS01380_TR06_116_LIT,5.0,4.0,1,2022.0,1.0,0222-MS01380_TR06,39.825853,8.43847654,Sardegna,,,
0222-MS01380_TR06_117_LIT,5.0,4.0,1,2022.0,1.0,0222-MS01380_TR06,39.825853,8.43847654,Sardegna,,,
0222-MS01380_TR06_118_LIT,5.0,4.0,1,2022.0,1.0,0222-MS01380_TR06,39.825853,8.43847654,Sardegna,,,
0222-MS01380_TR06_119_LIT,5.0,4.0,1,2022.0,1.0,0222-MS01380_TR06,39.825853,8.43847654,Sardegna,,,
0222-MS01380_TR06_120_LIT,5.0,4.0,1,2022.0,1.0,0222-MS01380_TR06,39.825853,8.43847654,Sardegna,,,
0222-MS01380_TR06_121_LIT,5.0,4.0,1,2022.0,1.0,0222-MS01380_TR06,39.825853,8.43847654,Sardegna,,,
0222-MS01380_TR06_122_LIT,5.0,4.0,1,2022.0,1.0,0222-MS01380_TR06,39.825853,8.43847654,Sardegna,,,
0222-MS01380_TR06_123_LIT,5.0,4.0,1,2022.0,1.0,0222-MS01380_TR06,39.825853,8.43847654,Sardegna,,,
0222-MS01380_TR06_124_LIT,5.0,4.0,1,2022.0,1.0,0222-MS01380_TR06,39.825853,8.43847654,Sardegna,,,
0222-MS01380_TR06_125_LIT,5.0,4.0,1,2022.0,1.0,0222-MS01380_TR06,39.825853,8.43847654,Sardegna,,,
0222-MS01380_TR06_126_LIT,5.0,4.0,1,2022.0,1.0,0222-MS01380_TR06,39.825853,8.43847654,Sardegna,,,
0222-MS01380_TR06_127_LIT,5.0,4.0,1,2022.0,1.0,0222-MS01380_TR06,39.825853,8.43847654,Sardegna,,,
0222-MS01380_TR06_128_LIT,5.0,4.0,1,2022.0,1.0,0222-MS01380_TR06,39.825853,8.43847654,Sardegna,,,
0222-MS01380_TR06_129_LIT,5.0,4.0,1,2022.0,1.0,0222-MS01380_TR06,39.825853,8.43847654,Sardegna,,,
0222-MS01380_TR06_130_LIT,5.0,4.0,1,2022.0,1.0,0222-MS01380_TR06,39.825853,8.43847654,Sardegna,,,
0222-MS01380_TR06_131_LIT,5.0,4.0,1,2022.0,1.0,0222-MS01380_TR06,39.825853,8.43847654,Sardegna,,,
0222-MS01380_TR06_175_Lit,5.0,6.0,1,2022.0,7.0,0222-MS01380_TR06,39.825853,8.43847654,Sardegna,0.0,0.0,inf
0222-MS01380_TR06_176_Lit,5.0,6.0,1,2022.0,7.0,0222-MS01380_TR06,39.825853,8.43847654,Sardegna,0.0,0.0,inf
0222-MS01380_TR06_177_Lit,5.0,6.0,1,2022.0,7.0,0222-MS01380_TR06,39.825853,8.43847654,Sardegna,0.0,0.0,inf
0222-MS01380_TR06_BEG,,,1,2023.0,7.0,0222-MS01380_TR06,39.825853,8.43847654,Sardegna,0.0,,
0222-MS01380_TR06_END,,,1,2023.0,7.0,0222-MS01380_TR06,39.825853,8.43847654,Sardegna,0.0,,
0222-MS01380_TR12_0157_Lit,5.0,6.0,1,2023.0,2.0,0222-MS01380_TR12,39.75228,8.34534583,Sardegna,0.0,0.0,inf
0222-MS01380_TR12_0158_Lit,5.0,6.0,1,2023.0,2.0,0222-MS01380_TR12,39.75228,8.34534583,Sardegna,0.0,0.0,inf
0222-MS01380_TR12_0162_LIT,25.0,6.0,1,2023.0,3.0,0222-MS01380_TR12,39.75228,8.345346,Sardegna,0.0,0.0,inf
0222-MS01380_TR12_0170_LIT,50.0,6.0,1,2023.0,5.0,0222-MS01380_TR12,39.75228,8.345346,Sardegna,0.0,0.0,inf
0222-MS01380_TR12_0171_LIT,50.0,6.0,1,2023.0,5.0,0222-MS01380_TR12,39.75228,8.345346,Sardegna,0.0,0.0,inf
0222-MS01380_TR12_0173_LIT,50.0,6.0,1,2023.0,5.0,0222-MS01380_TR12,39.75228,8.345346,Sardegna,0.0,0.0,inf
0222-MS01380_TR12_0174_LIT,50.0,6.0,1,2023.0,5.0,0222-MS01380_TR12,39.75228,8.345346,Sardegna,0.0,0.0,inf
0222-MS01380_TR12_0175_LIT,50.0,6.0,1,2023.0,5.0,0222-MS01380_TR12,39.75228,8.345346,Sardegna,0.0,0.0,inf
0222-MS01380_TR12_0176_LIT,50.0,6.0,1,2023.0,5.0,0222-MS01380_TR12,39.75228,8.345346,Sardegna,0.0,0.0,inf
0222-MS01380_TR12_113_LIT,5.0,4.0,1,2022.0,1.0,0222-MS01380_TR12,39.75228,8.34534583,Sardegna,,,
0222-MS01380_TR12_164_Lit,5.0,6.0,1,2022.0,7.0,0222-MS01380_TR12,39.75228,8.34534583,Sardegna,0.0,0.0,inf
0222-MS01380_TR12_165_Lit,5.0,6.0,1,2022.0,7.0,0222-MS01380_TR12,39.75228,8.34534583,Sardegna,0.0,0.0,inf
0222-MS01380_TR12_166_Lit,5.0,6.0,1,2022.0,7.0,0222-MS01380_TR12,39.75228,8.34534583,Sardegna,0.0,0.0,inf
0222-MS01380_TR12_167_Lit,5.0,6.0,1,2022.0,7.0,0222-MS01380_TR12,39.75228,8.34534583,Sardegna,0.0,0.0,inf
0222-MS01380_TR12_168_Lit,5.0,6.0,1,2022.0,7.0,0222-MS01380_TR12,39.75228,8.34534583,Sardegna,0.0,0.0,inf
0222-MS01380_TR12_169_Lit,5.0,6.0,1,2022.0,7.0,0222-MS01380_TR12,39.75228,8.34534583,Sardegna,0.0,0.0,inf
0222-MS01380_TR12_170_Lit,5.0,6.0,1,2022.0,7.0,0222-MS01380_TR12,39.75228,8.34534583,Sardegna,0.0,0.0,inf
0222-MS01380_TR12_171_Lit,5.0,6.0,1,2022.0,7.0,0222-MS01380_TR12,39.75228,8.34534583,Sardegna,0.0,0.0,inf
0222-MS01380_TR12_172_Lit,5.0,6.0,1,2022.0,7.0,0222-MS01380_TR12,39.75228,8.34534583,Sardegna,0.0,0.0,inf
0222-MS01380_TR12_173_Lit,5.0,6.0,1,2022.0,7.0,0222-MS01380_TR12,39.75228,8.34534583,Sardegna,0.0,0.0,inf
