lon,lat,beach_score,float_score,hazard_index,hazard_class
8.459999999999997,38.86,0.28970691366255835,0.3739002874813602,0.3318036005719593,Low
8.579999999999997,38.86,0.2853887401476062,0.4015124982328091,0.34345061919020764,Low
8.699999999999996,38.86,0.28849463805931896,0.4314726713315364,0.3599836546954277,Low
8.819999999999995,38.86,0.30549786783117067,0.46184233362487437,0.38367010072802255,Low
8.939999999999994,38.86,0.3326033228725312,0.4913808374222557,0.4119920801473934,Medium
9.059999999999993,38.86,0.35493532123025623,0.5200000022204231,0.4374676617253397,Medium
8.339999999999998,38.98,0.29624576113416284,0.32875533687016745,0.3125005490021652,Low
8.459999999999997,38.98,0.2882384986648516,0.3548536735759045,0.32154608612037805,Low
8.579999999999997,38.98,0.28243846479682955,0.3870941613139654,0.3347663130553975,Low
8.699999999999996,38.98,0.2859430757481926,0.423345688956643,0.3546443823524178,Low
8.819999999999995,38.98,0.30903039286074346,0.4607734534289665,0.38490192314485494,Low
8.939999999999994,38.98,0.34846863937513356,0.49778798704133753,0.4231283132082355,Medium
9.059999999999993,38.98,0.3803371913040188,0.5381234528654922,0.4592303220847555,Medium
9.179999999999993,38.98,0.3885889904857042,0.6069105420935801,0.4977497662896422,Medium
9.299999999999992,38.98,0.36884143234724404,0.6051695486953135,0.4870054905212787,Medium
9.419999999999991,38.98,0.32897392293675043,0.3760159843398942,0.3524949536383223,Low
9.53999999999999,38.98,0.29473414311026724,0.3804789000315887,0.33760652157092796,Low
9.65999999999999,38.98,0.2799125827841317,0.3813273642196011,0.33061997350186645,Low
9.779999999999989,38.98,0.27811240000230186,0.399971332171757,0.33904186608702946,Low
8.219999999999999,39.099999999999994,0.30709851313346564,0.2715747330708914,0.28933662310217856,Low
8.339999999999998,39.099999999999994,0.35609808928371145,0.29912608649185374,0.3276120878877826,Low
8.459999999999997,39.099999999999994,0.32257290939452066,0.32642213803788805,0.32449752371620433,Low
8.579999999999997,39.099999999999994,0.3049980410965896,0.3626647140328893,0.33383137756473946,Low
8.699999999999996,39.099999999999994,0.31326671064692235,0.40507224349376914,0.35916947707034574,Low
8.819999999999995,39.099999999999994,0.3252714107373019,0.44885451290797995,0.38706296182264094,Low
8.939999999999994,39.099999999999994,0.37203127633061966,0.48919205899817036,0.430611667664395,Medium
9.059999999999993,39.099999999999994,0.4109840288649995,0.5164454771362315,0.4637147530006155,Medium
9.179999999999993,39.099999999999994,0.42340329418223077,0.5164718877946483,0.4699375909884395,Medium
9.299999999999992,39.099999999999994,0.3922677268451175,0.5377351803372521,0.46500145359118483,Medium
9.419999999999991,39.099999999999994,0.31826085615317967,0.353965930807944,0.3361133934805618,Low
9.53999999999999,39.099999999999994,0.26627658681080263,0.26993104278960306,0.26810381480020284,Low
9.65999999999999,39.099999999999994,0.25613390356731713,0.3531793490528987,0.3046566263101079,Low
9.779999999999989,39.099999999999994,0.2627113755819003,0.3945915104208728,0.32865144300138655,Low
9.899999999999988,39.099999999999994,0.27185369571036627,0.4196449596723719,0.3457493276913691,Low
8.219999999999999,39.21999999999999,0.4397658116785749,0.23417010366457694,0.33696795767157595,Low
8.339999999999998,39.21999999999999,0.4038472293119019,0.24496838136432522,0.3244078053381136,Low
8.459999999999997,39.21999999999999,0.3732655860184572,0.2874491333524084,0.3303573596854328,Low
8.579999999999997,39.21999999999999,0.3587418347859147,0.3261675738238584,0.34245470430488656,Low
8.699999999999996,39.21999999999999,0.3599847736468358,0.3740160585415057,0.3670004160941708,Low
8.819999999999995,39.21999999999999,0.3847652804747691,0.4237882922178525,0.4042767863463108,Medium
8.939999999999994,39.21999999999999,0.4116164258941339,0.45606555888526784,0.43384099238970086,Medium
9.059999999999993,39.21999999999999,0.4251974709327905,0.49512261054587764,0.46016004073933403,Medium
9.179999999999993,39.21999999999999,0.4414475564832235,0.5004001283487655,0.4709238424159945,Medium
9.299999999999992,39.21999999999999,0.40442835148412737,0.48795338766297885,0.44619086957355314,Medium
9.419999999999991,39.21999999999999,0.2976670147084481,0.418351751440197,0.3580093830743225,Low
9.53999999999999,39.21999999999999,0.23715956869293406,0.37252433428205456,0.3048419514874943,Low
9.65999999999999,39.21999999999999,0.23838902787678576,0.3840103655996939,0.31119969673823983,Low
9.779999999999989,39.21999999999999,0.2527147080525326,0.4090905783910353,0.330902643221784,Low
9.899999999999988,39.21999999999999,0.2659239532987224,0.4317200178604859,0.3488219855796042,Low
8.219999999999999,39.33999999999999,0.506791212890487,0.20621992725646712,0.35650557007347705,Low
8.339999999999998,39.33999999999999,0.47806391442264184,0.21135090913447926,0.34470741177856057,Low
8.459999999999997,39.33999999999999,0.45185041096224665,0.24303224264921727,0.347441326805732,Low
8.579999999999997,39.33999999999999,0.43613032341896135,0.28697890855230646,0.3615546159856339,Low
8.699999999999996,39.33999999999999,0.4159206069365827,0.33020983511583146,0.3730652210262071,Low
8.819999999999995,39.33999999999999,0.4194854203593481,0.3725107921567133,0.39599810625803067,Low
8.939999999999994,39.33999999999999,0.4238341905136445,0.4370269518240667,0.43043057116885564,Medium
9.059999999999993,39.33999999999999,0.42773833890121177,0.4651560498045149,0.44644719435286334,Medium
9.179999999999993,39.33999999999999,0.41856832718799875,0.4746258035950601,0.44659706539152944,Medium
9.299999999999992,39.33999999999999,0.380426984528021,0.4634256182246841,0.42192630137635256,Medium
9.419999999999991,39.33999999999999,0.29283175169927655,0.4340721122970925,0.36345193199818454,Low
9.53999999999999,39.33999999999999,0.24135902663196537,0.42167239390230965,0.3315157102671375,Low
9.65999999999999,39.33999999999999,0.24088766833919645,0.42007680836957034,0.3304822383543834,Low
9.779999999999989,39.33999999999999,0.2535849755040484,0.43374389961132087,0.3436644375576846,Low
9.899999999999988,39.33999999999999,0.26609039469304446,0.45273918570689153,0.359414790199968,Low
8.219999999999999,39.45999999999999,0.593636914119701,0.17196409292997378,0.3828005035248374,Low
8.339999999999998,39.45999999999999,0.5764016969397566,0.17159783593517386,0.37399976643746524,Low
8.459999999999997,39.45999999999999,0.5552961211270162,0.19680755322447716,0.3760518371757467,Low
8.579999999999997,39.45999999999999,0.5338059781264906,0.23104293321026964,0.3824244556683801,Low
8.699999999999996,39.45999999999999,0.4829878391701955,0.2786493190373367,0.3808185791037661,Low
8.819999999999995,39.45999999999999,0.4627111165853544,0.3210295469004587,0.39187033174290653,Low
8.939999999999994,39.45999999999999,0.44442178754557377,0.39937908653987647,0.4219004370427251,Medium
9.059999999999993,39.45999999999999,0.42957255248972626,0.4311126287397758,0.430342590614751,Medium
9.179999999999993,39.45999999999999,0.4133094689150249,0.44493179320540915,0.42912063106021703,Medium
9.299999999999992,39.45999999999999,0.3537988514582592,0.4434027621036768,0.398600806780968,Low
9.419999999999991,39.45999999999999,0.30323395062084635,0.433199213781314,0.36821658220108017,Low
9.53999999999999,39.45999999999999,0.26725263289724155,0.43497401762518617,0.35111332526121386,Low
9.65999999999999,39.45999999999999,0.2588055229220485,0.4440475554791074,0.351426539200578,Low
9.779999999999989,39.45999999999999,0.2637344980419504,0.4575525401601263,0.36064351910103837,Low
9.899999999999988,39.45999999999999,0.27181041342311635,0.47901541323112234,0.37541291332711935,Low
8.219999999999999,39.579999999999984,0.7397347815969733,0.13998075175164057,0.4398577666743069,Medium
8.339999999999998,39.579999999999984,0.691529187954535,0.13187276571085974,0.41170097683269735,Medium
8.459999999999997,39.579999999999984,0.6788576530219355,0.15154731296026588,0.4152024829911007,Medium
8.579999999999997,39.579999999999984,0.6526334457649879,0.19164896984121116,0.42214120780309955,Medium
8.699999999999996,39.579999999999984,0.5715657122462868,0.23181380571621252,0.4016897589812497,Medium
8.819999999999995,39.579999999999984,0.5264995709315183,0.3058298587127134,0.41616471482211587,Medium
8.939999999999994,39.579999999999984,0.4852081368632363,0.3543676549291267,0.4197878958961815,Medium
9.059999999999993,39.579999999999984,0.4516141409818288,0.39894859079445705,0.4252813658881429,Medium
9.179999999999993,39.579999999999984,0.4224867871877564,0.4188813531892378,0.4206840701884971,Medium
9.299999999999992,39.579999999999984,0.38980735879188627,0.4258148885292196,0.40781112366055294,Medium
9.419999999999991,39.579999999999984,0.31375278653533223,0.42571630765989066,0.36973454709761144,Low
9.53999999999999,39.579999999999984,0.289030563404721,0.43750899425882467,0.3632697788317728,Low
9.65999999999999,39.579999999999984,0.27811105434397126,0.4508387596533969,0.3644749069986841,Low
9.779999999999989,39.579999999999984,0.2770534719851009,0.47101264678027466,0.37403305938268777,Low
9.899999999999988,39.579999999999984,0.28043857578407666,0.5071933100232007,0.39381594290363864,Low
8.219999999999999,39.69999999999998,0.8548309886844285,0.1114888318947936,0.4831599102896111,Medium
8.339999999999998,39.69999999999998,0.8232728699525725,0.08909302879699395,0.45618294937478326,Medium
8.459999999999997,39.69999999999998,0.8210379345148512,0.13764605619799267,0.4793419953564219,Medium
8.579999999999997,39.69999999999998,0.7976093345012416,0.16856082367723157,0.4830850790892366,Medium
8.699999999999996,39.69999999999998,0.7065158933555405,0.20657625161922388,0.4565460724873822,Medium
8.819999999999995,39.69999999999998,0.6133606546561852,0.27659669602039305,0.4449786753382891,Medium
8.939999999999994,39.69999999999998,0.5478853407116747,0.32531271719760324,0.436599028954639,Medium
9.059999999999993,39.69999999999998,0.49464211721129725,0.3629241162774207,0.428783116744359,Medium
9.179999999999993,39.69999999999998,0.45249628131326364,0.39798243967819213,0.42523936049572786,Medium
9.299999999999992,39.69999999999998,0.4311809471730115,0.41045799657683824,0.42081947187492486,Medium
9.419999999999991,39.69999999999998,0.31974544948490763,0.41407630828615327,0.3669108788855304,Low
9.53999999999999,39.69999999999998,0.3029720333383483,0.41255820469761373,0.357765119017981,Low
9.65999999999999,39.69999999999998,0.29297892371080675,0.4276748521111121,0.36032688791095946,Low
9.779999999999989,39.69999999999998,0.28923790264790894,0.45475852827387653,0.37199821546089273,Low
9.899999999999988,39.69999999999998,0.2894439887907182,0.5363455138597751,0.41289475132524667,Medium
8.219999999999999,39.81999999999998,0.9135878093860362,0.11770728338641362,0.5156475463862249,Medium
8.339999999999998,39.81999999999998,0.9348351301631372,0.11225212504788432,0.5235436276055108,Medium
8.459999999999997,39.81999999999998,0.9162574309107483,0.17805477079776955,0.5471561008542589,Medium
8.579999999999997,39.81999999999998,0.8981187553113893,0.170203838686163,0.5341612969987761,Medium
8.699999999999996,39.81999999999998,0.8514088310144975,0.1873283045680814,0.5193685677912895,Medium
8.819999999999995,39.81999999999998,0.7333659900419611,0.25402613075102587,0.4936960603964935,Medium
8.939999999999994,39.81999999999998,0.6558226451250149,0.3067177604730296,0.4812702027990222,Medium
9.059999999999993,39.81999999999998,0.5509986673244798,0.34429099041447553,0.44764482886947765,Medium
9.179999999999993,39.81999999999998,0.5260019668683892,0.36759146962927547,0.4467967182488323,Medium
9.299999999999992,39.81999999999998,0.4747003042548091,0.3982941069089561,0.4364972055818826,Medium
9.419999999999991,39.81999999999998,0.4355229813636748,0.4008225604194112,0.41817277089154303,Medium
9.53999999999999,39.81999999999998,0.2594978965140436,0.37605681882227077,0.3177773576681572,Low
9.65999999999999,39.81999999999998,0.24850531984495533,0.3547402079775592,0.30162276391125725,Low
9.779999999999989,39.81999999999998,0.23936039531828227,0.34779564231103705,0.29357801881465967,Low
9.899999999999988,39.81999999999998,0.23164231914673458,0.5814976953501992,0.4065700072484669,Medium
8.219999999999999,39.939999999999976,0.9893827995796748,0.14909320263356995,0.5692380011066224,Medium
8.339999999999998,39.939999999999976,0.9948875396134828,0.14972281830879977,0.5723051789611413,Medium
8.459999999999997,39.939999999999976,0.9858155945860156,0.16505804321113665,0.5754368188985761,Medium
8.579999999999997,39.939999999999976,0.963374595696606,0.17498966998825213,0.569182132842429,Medium
8.699999999999996,39.939999999999976,0.9175403695977624,0.18663825618989027,0.5520893128938263,Medium
8.819999999999995,39.939999999999976,0.9097941740944353,0.2360572083042322,0.5729256911993338,Medium
8.939999999999994,39.939999999999976,0.7725758500657323,0.28569992972862734,0.5291378898971798,Medium
9.059999999999993,39.939999999999976,0.6951032643148726,0.3193843931285081,0.5072438287216903,Medium
9.179999999999993,39.939999999999976,0.4872834293177524,0.3421855130286446,0.4147344711731985,Medium
9.299999999999992,39.939999999999976,0.4257651111689507,0.36858839596877113,0.39717675356886095,Low
9.419999999999991,39.939999999999976,0.3796106743791048,0.36498523771663904,0.3722979560478719,Low
9.53999999999999,39.939999999999976,0.23198538799779178,0.3583205724861752,0.2951529802419835,Low
9.65999999999999,39.939999999999976,0.22177729285264952,0.2929716902765754,0.25737449156461245,Low
9.779999999999989,39.939999999999976,0.21324975030025964,0.1201136223832726,0.1666816863417661,Very Low
9.899999999999988,39.939999999999976,0.13429878621064206,0.7877784270287785,0.4610386066197103,Medium
8.219999999999999,40.059999999999974,0.9876909842633025,0.18829211251349315,0.5879915483883978,Medium
8.339999999999998,40.059999999999974,0.9958027090669772,0.1731502797317578,0.5844764943993676,Medium
8.459999999999997,40.059999999999974,0.9999054184238374,0.1676067002768107,0.583756059350324,Medium
8.579999999999997,40.059999999999974,0.9981538231991705,0.17385956438151992,0.5860066937903452,Medium
8.699999999999996,40.059999999999974,0.9688012617294073,0.19046068123147303,0.5796309714804402,Medium
8.819999999999995,40.059999999999974,0.9327609886323125,0.2376959560212378,0.5852284723267751,Medium
8.939999999999994,40.059999999999974,0.8905443493766534,0.2505517203788722,0.5705480348777627,Medium
9.059999999999993,40.059999999999974,0.637893635347932,0.27467468156277464,0.4562841584553533,Medium
9.179999999999993,40.059999999999974,0.49135990115772843,0.308957416237684,0.4001586586977062,Medium
9.299999999999992,40.059999999999974,0.4191701280904811,0.33394993804708617,0.3765600330687836,Low
9.419999999999991,40.059999999999974,0.36444248769096566,0.35629511729043156,0.3603688024906986,Low
9.53999999999999,40.059999999999974,0.19293529819342548,0.36019328420542784,0.27656429119942666,Low
9.65999999999999,40.059999999999974,0.183401686260707,0.3302894029265484,0.2568455445936277,Low
9.779999999999989,40.059999999999974,0.10327500667071864,0.3087068651883452,0.20599093592953194,Low
9.899999999999988,40.059999999999974,0.10237045140455854,0.5976146207173635,0.34999253606096103,Low
8.219999999999999,40.17999999999997,0.9797028319796554,0.23758445644032325,0.6086436442099893,High
8.339999999999998,40.17999999999997,0.9897221053146373,0.20474289217634511,0.5972324987454912,Medium
8.459999999999997,40.17999999999997,0.9959671623054891,0.18447161486991553,0.5902193885877023,Medium
8.579999999999997,40.17999999999997,0.9944670800356994,0.17394242466921175,0.5842047523524556,Medium
8.699999999999996,40.17999999999997,0.9896319707148976,0.1765510575790651,0.5830915141469813,Medium
8.819999999999995,40.17999999999997,0.985094713861149,0.2071142302520081,0.5961044720565786,Medium
8.939999999999994,40.17999999999997,0.7857366705115019,0.2448063908716628,0.5152715306915824,Medium
9.059999999999993,40.17999999999997,0.6944927905850171,0.2611197253986407,0.4778062579918289,Medium
9.179999999999993,40.17999999999997,0.5460171302324164,0.276646588952444,0.4113318595924302,Medium
9.299999999999992,40.17999999999997,0.3901089944299885,0.29702872078418857,0.34356885760708855,Low
9.419999999999991,40.17999999999997,0.3266195390000497,0.34039752837258574,0.3335085336863177,Low
9.53999999999999,40.17999999999997,0.0729446338893978,0.3625031554369096,0.2177238946631537,Low
9.65999999999999,40.17999999999997,0.07047710805733506,0.3703476071123473,0.22041235758484118,Low
9.779999999999989,40.17999999999997,0.07014014852092514,0.41450218077854584,0.2423211646497355,Low
9.899999999999988,40.17999999999997,0.07176450934052668,0.5248845470346827,0.2983245281876047,Low
8.219999999999999,40.29999999999997,0.9630154803099888,0.27895832950585814,0.6209869049079235,High
8.339999999999998,40.29999999999997,0.9699333800425748,0.21617478881848862,0.5930540844305316,Medium
8.459999999999997,40.29999999999997,0.9782683330648813,0.19123046034077187,0.5847493967028266,Medium
8.579999999999997,40.29999999999997,0.9813992847225144,0.17743482912485703,0.5794170569236857,Medium
8.699999999999996,40.29999999999997,0.9805448155676464,0.15813643170940897,0.5693406236385277,Medium
8.819999999999995,40.29999999999997,0.8752252461063534,0.18986858806228593,0.5325469170843197,Medium
8.939999999999994,40.29999999999997,0.7994724206232844,0.1974936213469878,0.4984830209851361,Medium
9.059999999999993,40.29999999999997,0.6972367969042499,0.22560062297810415,0.461418709941177,Medium
9.179999999999993,40.29999999999997,0.5761774647295618,0.24223540220042317,0.40920643346499247,Medium
9.299999999999992,40.29999999999997,0.3404045922226287,0.2612123917475873,0.300808491985108,Low
9.419999999999991,40.29999999999997,0.24274565921547225,0.32347855132888065,0.28311210527217645,Low
9.53999999999999,40.29999999999997,0.0,0.333256856315921,0.1666284281579605,Very Low
9.65999999999999,40.29999999999997,0.0,0.36867277417231537,0.18433638708615768,Very Low
9.779999999999989,40.29999999999997,0.0,0.40949577339921156,0.20474788669960578,Low
9.899999999999988,40.29999999999997,0.0,0.4609655782583791,0.23048278912918954,Low
8.219999999999999,40.419999999999966,0.9455664055919476,0.19786707363452555,0.5717167396132365,Medium
8.339999999999998,40.419999999999966,0.9463236508681077,0.17961508619982464,0.5629693685339662,Medium
8.459999999999997,40.419999999999966,0.9543876780768229,0.18017276713329758,0.5672802226050603,Medium
8.579999999999997,40.419999999999966,0.9635118003656475,0.1713202055041697,0.5674160029349087,Medium
8.699999999999996,40.419999999999966,0.9686924432869772,0.15630878890397074,0.562500616095474,Medium
8.819999999999995,40.419999999999966,0.8421156627799902,0.14501806050631785,0.493566861643154,Medium
8.939999999999994,40.419999999999966,0.7583243152090708,0.18880051051747265,0.4735624128632717,Medium
9.059999999999993,40.419999999999966,0.6431792960220692,0.19860624667434337,0.4208927713482063,Medium
9.179999999999993,40.419999999999966,0.5063028493775953,0.21059147916352253,0.3584471642705589,Low
9.299999999999992,40.419999999999966,0.25487057146152464,0.22430106788415963,0.23958581967284215,Low
9.419999999999991,40.419999999999966,0.0,0.24771786778966742,0.12385893389483371,Very Low
9.53999999999999,40.419999999999966,0.0,0.2932743846571622,0.1466371923285811,Very Low
9.65999999999999,40.419999999999966,0.0,0.3146374168743441,0.15731870843717205,Very Low
9.779999999999989,40.419999999999966,0.0,0.34400333729205307,0.17200166864602653,Very Low
9.899999999999988,40.419999999999966,0.0,0.3762924658993438,0.1881462329496719,Very Low
8.1,40.539999999999964,0.9425729980970986,0.25809033146338334,0.600331664780241,High
8.219999999999999,40.539999999999964,0.9375948873044223,0.11993901501985034,0.5287669511621363,Medium
8.339999999999998,40.539999999999964,0.9363552488531366,0.1540471677499623,0.5452012083015494,Medium
8.459999999999997,40.539999999999964,0.9421755069052193,0.16259842552496476,0.5523869662150921,Medium
8.579999999999997,40.539999999999964,0.9515555194114093,0.15250659474910885,0.552031057080259,Medium
8.699999999999996,40.539999999999964,0.9591721380745856,0.146450004372556,0.5528110712235708,Medium
8.819999999999995,40.539999999999964,0.8103571516692855,0.13799618298520527,0.4741766673272454,Medium
8.939999999999994,40.539999999999964,0.715282490638551,0.17766874327962512,0.44647561695908805,Medium
9.059999999999993,40.539999999999964,0.5867080219665642,0.18507697090054326,0.3858924964335537,Low
9.179999999999993,40.539999999999964,0.43609161047044454,0.19197464290770402,0.3140331266890743,Low
9.299999999999992,40.539999999999964,0.2881011813870174,0.20407101734659394,0.24608609936680567,Low
9.419999999999991,40.539999999999964,0.0,0.20407812975677567,0.10203906487838783,Very Low
9.53999999999999,40.539999999999964,0.0,0.22501652431400684,0.11250826215700342,Very Low
9.65999999999999,40.539999999999964,0.0,0.23446983575651412,0.11723491787825706,Very Low
9.779999999999989,40.539999999999964,0.0,0.253822508307073,0.1269112541535365,Very Low
9.899999999999988,40.539999999999964,0.0,0.28007526352036616,0.14003763176018308,Very Low
8.1,40.65999999999996,0.9412668174663497,0.20298826960943497,0.5721275435378923,Medium
8.219999999999999,40.65999999999996,0.9374661046457107,0.1662603291208373,0.551863216883274,Medium
8.339999999999998,40.65999999999996,0.9366404648021671,0.14807373839288754,0.5423571015975274,Medium
8.459999999999997,40.65999999999996,0.9404455818447826,0.1378430413103668,0.5391443115775747,Medium
8.579999999999997,40.65999999999996,0.9472739831387184,0.13159430517421242,0.5394341441564654,Medium
8.699999999999996,40.65999999999996,0.8524525023122826,0.13224732558662924,0.49234991394945593,Medium
8.819999999999995,40.65999999999996,0.7795231425229722,0.13145885548047673,0.45549099900172446,Medium
8.939999999999994,40.65999999999996,0.673691694197927,0.1253610446414587,0.39952636941969283,Low
9.059999999999993,40.65999999999996,0.535148359009679,0.17129817453406523,0.35322326677187216,Low
9.179999999999993,40.65999999999996,0.3771004593924914,0.17860967915435408,0.27785506927342274,Low
9.299999999999992,40.65999999999996,0.12541716459336721,0.15943227142342456,0.1424247180083959,Very Low
9.419999999999991,40.65999999999996,0.0,0.15740420791075863,0.07870210395537931,Very Low
9.53999999999999,40.65999999999996,0.0,0.1504854709959854,0.0752427354979927,Very Low
9.65999999999999,40.65999999999996,0.0,0.15551525628648002,0.07775762814324001,Very Low
9.779999999999989,40.65999999999996,0.0,0.16982109285928013,0.08491054642964006,Very Low
9.899999999999988,40.65999999999996,0.0,0.1957797524539519,0.09788987622697595,Very Low
8.1,40.77999999999996,0.9426262136369497,0.16618157473899714,0.5544038941879734,Medium
8.219999999999999,40.77999999999996,0.9402317369630265,0.13637496508927027,0.5383033510261483,Medium
8.339999999999998,40.77999999999996,0.9399483353869422,0.10732431529729161,0.5236363253421169,Medium
8.459999999999997,40.77999999999996,0.9424678985626338,0.09992971437558285,0.5211988064691083,Medium
8.579999999999997,40.77999999999996,0.9470498827130477,0.10816974826071307,0.5276098154868804,Medium
8.699999999999996,40.77999999999996,0.8268079359504229,0.1180003694953386,0.4724041527228807,Medium
8.819999999999995,40.77999999999996,0.74705586477281,0.12220039263697927,0.43462812870489465,Medium
8.939999999999994,40.77999999999996,0.635599650384665,0.12173989028442397,0.3786697703345445,Low
9.059999999999993,40.77999999999996,0.4947543345171238,0.11615880337436493,0.30545656894574436,Low
9.179999999999993,40.77999999999996,0.33882886785701216,0.1593238246127159,0.24907634623486402,Low
9.299999999999992,40.77999999999996,0.0,0.13283291906413788,0.06641645953206894,Very Low
9.419999999999991,40.77999999999996,0.0,0.11910963618533815,0.059554818092669076,Very Low
9.53999999999999,40.77999999999996,0.0,0.09999744280066368,0.04999872140033184,Very Low
9.65999999999999,40.77999999999996,0.0,0.09323387529944883,0.04661693764972442,Very Low
9.779999999999989,40.77999999999996,0.0,0.11164438645538155,0.055822193227690775,Very Low
9.899999999999988,40.77999999999996,0.0,0.1417058512089205,0.07085292560446026,Very Low
8.1,40.899999999999956,0.9448650828696541,0.13674798433119703,0.5408065336004255,Medium
8.219999999999999,40.899999999999956,0.9434429329390394,0.10640851839513531,0.5249257256670873,Medium
8.339999999999998,40.899999999999956,0.9434606487685028,0.07090522826619415,0.5071829385173484,Medium
8.459999999999997,40.899999999999956,0.9452023617556083,0.07031124179442748,0.5077568017750179,Medium
8.579999999999997,40.899999999999956,0.9483028518785429,0.0956209707498858,0.5219619113142143,Medium
8.699999999999996,40.899999999999956,0.7948421178570809,0.11004076424209663,0.4524414410495888,Medium
8.819999999999995,40.899999999999956,0.7132273980004117,0.11721261543077169,0.41522000671559167,Medium
8.939999999999994,40.899999999999956,0.6031397590937557,0.1186059449092057,0.3608728520014807,Low
9.059999999999993,40.899999999999956,0.3426791052815565,0.11016489492548072,0.2264220001035186,Low
9.179999999999993,40.899999999999956,0.21235538037917456,0.09841197087096215,0.15538367562506836,Very Low
9.299999999999992,40.899999999999956,0.0,0.11575487635620557,0.057877438178102786,Very Low
9.419999999999991,40.899999999999956,0.0,0.09401493578187103,0.04700746789093552,Very Low
9.53999999999999,40.899999999999956,0.0,0.06290593607801956,0.03145296803900978,Very Low
9.65999999999999,40.899999999999956,0.0,0.0400233663743289,0.02001168318716445,Very Low
9.779999999999989,40.899999999999956,0.0,0.08662952526998877,0.04331476263499438,Very Low
8.1,41.01999999999995,0.9355061435092158,0.12388451843969428,0.529695330974455,Medium
8.219999999999999,41.01999999999995,0.9463421029272967,0.10346034295253205,0.5249012229399144,Medium
8.339999999999998,41.01999999999995,0.9464960877972467,0.09730849089889224,0.5219022893480695,Medium
8.459999999999997,41.01999999999995,0.9477545534176516,0.1112261753931878,0.5294903644054196,Medium
8.579999999999997,41.01999999999995,0.9499229219146925,0.1007621757716791,0.5253425488431858,Medium
8.699999999999996,41.01999999999995,0.75999294445604,0.10674672187897735,0.4333698331675087,Medium
8.819999999999995,41.01999999999995,0.5914694524385632,0.11155612518495568,0.35151278881175946,Low
8.939999999999994,41.01999999999995,0.46683074231502425,0.11226021123974984,0.28954547677738707,Low
9.059999999999993,41.01999999999995,0.3373211296931327,0.10774271657434455,0.22253192313373862,Low
9.179999999999993,41.01999999999995,0.22098170360294606,0.07648719557715583,0.14873444959005094,Very Low
9.299999999999992,41.01999999999995,0.0,0.07005714880389853,0.035028574401949265,Very Low
9.419999999999991,41.01999999999995,0.0,0.086727216660957,0.0433636083304785,Very Low
9.53999999999999,41.01999999999995,0.0,0.05476452219160718,0.02738226109580359,Very Low
9.65999999999999,41.01999999999995,0.0,0.011262547750568903,0.005631273875284452,Very Low
8.1,41.13999999999995,0.9355061435092159,0.12203351216198342,0.5287698278355997,Medium
8.219999999999999,41.13999999999995,0.9355061435092158,0.11013111268100113,0.5228186280951085,Medium
8.339999999999998,41.13999999999995,0.9355061435092158,0.10828087059100835,0.5218935070501121,Medium
8.459999999999997,41.13999999999995,0.9355061435092158,0.1103409299550666,0.5229235367321412,Medium
8.579999999999997,41.13999999999995,0.9355061435092158,0.1061836742446515,0.5208449088769337,Medium
8.699999999999996,41.13999999999995,0.9355061435092159,0.10883510643273789,0.5221706249709769,Medium
8.819999999999995,41.13999999999995,0.5589735275730434,0.11135289193603469,0.33516320975453906,Low
8.939999999999994,41.13999999999995,0.4503156357823743,0.11124653142795854,0.2807810836051664,Low
9.059999999999993,41.13999999999995,0.3386948664038479,0.10708607838487753,0.22289047239436272,Low
9.179999999999993,41.13999999999995,0.0,0.07837165548922348,0.03918582774461174,Very Low
9.299999999999992,41.13999999999995,0.0,0.07375638722823262,0.03687819361411631,Very Low
9.419999999999991,41.13999999999995,0.0,0.06919954859634236,0.03459977429817118,Very Low
9.53999999999999,41.13999999999995,0.0,0.06673693722179186,0.03336846861089593,Very Low
